Workbook
Name ㄹㄹㄹ: #REF!
Name ㄹㄹㄹ: #REF!
Name ㄹㄹㄹ: #REF!
Name ㅁ1: #REF!
Name ㅁ1: #REF!
Name ㅁ1: #REF!
Name ㅁ1: #REF!
Name ㅇㅇ: #REF!
Name ㅇㅇㅇ: #REF!

Sheet 수입예산 총괄표
A1: 수입예산 총괄표(출연금+위탁사업비)
H2: (단위 : 천 원)
A3: 과 목 | F3: 예산액 | G3: 전년도예산액 | H3: 비교증감
A4: 구분 | B4: 관 | C4: 항 | D4: 세항 | E4: 목
A5: 총계(사업예산+자본예산) | F5: =F6 -> 24529000 | G5: =G6 -> 2420000 | H5: =F5-G5 -> 22109000
A6: 자체수입금 | F6: =SUM(F7,F20) -> 24529000 | G6: =SUM(G7,G20) -> 2420000 | H6: =F6-G6 -> 22109000
B7: 600 사업수익 | F7: =SUM(F8,F17) -> 24529000 | G7: =G8 -> 1560000 | H7: =F7-G7 -> 22969000
C8: 610 영업수익 | F8: =SUM(F9,F11,F13,F15) -> 24511000 | G8: =G14 -> 1560000 | H8: =F8-G8 -> 22951000
D9: 623 대행사업수익 | F9: =F10 -> 22550000 | G9: =G10 -> 0 | H9: =F9-G9 -> 22550000
E10: 01 직접관리비수익 | F10: 22550000 | G10: 0 | H10: =F10-G10 -> 22550000
D11: 647 기부금수익 | F11: =F12 -> 0 | G11: =G12 -> 0 | H11: =F11-G11 -> 0
E12: 01 기부금수익 | F12: 0 | G12: 0 | H12: =F12-G12 -> 0
D13: 648 출연금 수익 | F13: =F14 -> 1861000 | G13: =G14 -> 1560000 | H13: =F13-G13 -> 301000
E14: 02 자치단체출연금수익 | F14: 1861000 | G14: 1560000 | H14: =F14-G14 -> 301000
D15: 649 후원금 수익 | F15: =F16 -> 100000 | G15: =G16 -> 0 | H15: =F15-G15 -> 100000
E16: 01 지정후원금수익 | F16: 100000 | G16: 0 | H16: =F16-G16 -> 100000
C17: 670 영업외수익 | F17: =F18 -> 18000 | G17: =G18 -> 0 | H17: =F17-G17 -> 18000
D18: 671 이자수익 | F18: =F19 -> 18000 | G18: =G19 -> 0 | H18: =F18-G18 -> 18000
E19: 01 예금이자수익 | F19: 18000 | G19: 0 | H19: =F19-G19 -> 18000
B20: 100 자본적수입 | F20: =F21 -> 0 | G20: 860000 | H20: =F20-G20 -> -860000
C21: 170 자본잉여금수입 | F21: =F22 -> 0 | G21: 860000 | H21: =F21-G21 -> -860000
D22: 177 출연금 수입 | F22: =F23 -> 0 | G22: 860000 | H22: =F22-G22 -> -860000
E23: 01 정부출연금 | F23: 0 | G23: 860000 | H23: =F23-G23 -> -860000

Sheet 지출예산 총괄표
A1: 지출예산 총괄표(출연금+위탁사업비)
G2: 1979000 | I2: (단위 : 천 원)
A3: 과 목 | G3: 예산액 | H3: 전년도예산액 | I3: 비교증감
A4: 구분 | B4: 정책사업
A5: 총계(출연금+위탁사업비) | G5: =G6+G19 -> 24529000 | H5: 2420000 | I5: =G5-H5 -> 22109000
A6: 출연금(사업예산+자본예산) | G6: =SUM(G7,G17) -> 1979000 | H6: 2420000 | I6: =G6-H6 -> -441000
A7: 사업예산 | G7: =SUM(G8:G16) -> 1979000 | H7: 2420000 | I7: =G7-H7 -> -441000
B8: 2026여수세계섬박람회 행정관리 | G8: =행정관리부!H5 -> 927348 | H8: 306750 | I8: =G8-H8 -> 620598
B9: 2026여수세계섬박람회 기획홍보 | G9: =기획홍보부!H5 -> 151892 | H9: 864500 | I9: =G9-H9 -> -712608
B10: 2026여수세계섬박람회 수익사업 | G10: =수익사업부!H5 -> 86166 | H10: 47200 | I10: =G10-H10 -> 38966
B11: 2026여수세계섬박람회 유치협력 | G11: =유치협력부!H5 -> 62518 | H11: 221270 | I11: =G11-H11 -> -158752
B12: 2026여수세계섬박람회 운영 | G12: =운영부!H5 -> 358632 | H12: 104400 | I12: =G12-H12 -> 254232
B13: 2026여수세계섬박람회 행사 | G13: =행사부!H5 -> 25268 | H13: 0 | I13: =G13-H13 -> 25268
B14: 2026여수세계섬박람회 시설조성 | G14: =시설조성부!H5 -> 25268 | H14: 47200 | I14: =G14-H14 -> -21932
B15: 2026여수세계섬박람회 전시연출 | G15: =전시연출부!H5 -> 25268 | H15: 104400 | I15: =G15-H15 -> -79132
B16: 예비비 | G16: =예비비!H6 -> 316640 | H16: 724280 | I16: =G16-H16 -> -407640
A17: 자본예산 | G17: =G18 -> 0 | H17: 0 | I17: =G17-H17 -> 0
B18: 예비비(자본) | G18: =예비비!H13 -> 0 | H18: 0 | I18: =G18-H18 -> 0
A19: 위탁사업비(사업예산+자본예산) | G19: =G20+G25 -> 22550000 | H19: 0 | I19: =G19-H19 -> 22550000
A20: 사업예산 | G20: =SUM(G21:G24) -> 5450000 | H20: 0 | I20: =G20-H20 -> 5450000
B21: 2026여수세계섬박람회 기획홍보(위탁) | G21: ='기획본부(위탁)'!H6 -> 2000000 | H21: 0 | I21: =G21-H21 -> 2000000
B22: 2026여수세계섬박람회 유치협력(위탁) | G22: ='기획본부(위탁)'!H30 -> 950000 | H22: 0 | I22: =G22-H22 -> 950000
B23: 2026여수세계섬박람회 행사(위탁) | G23: ='운영본부(위탁)'!H6 -> 1000000 | H23: 0 | I23: =G23-H23 -> 1000000
B24: 2026여수세계섬박람회 전시연출(위탁) | G24: ='운영본부(위탁)'!H19 -> 1500000 | H24: 0 | I24: =G24-H24 -> 1500000
A25: 자본예산 | G25: =SUM(G26:G27) -> 17100000 | H25: 0 | I25: =G25-H25 -> 17100000
B26: 2026여수세계섬박람회 시설조성(위탁) | G26: ='운영본부(위탁)'!H27 -> 10300000 | H26: 0 | I26: =G26-H26 -> 10300000
B27: 2026여수세계섬박람회 전시연출(위탁) | G27: ='운영본부(위탁)'!H57 -> 6800000 | H27: 0 | I27: =G27-H27 -> 6800000

Sheet 지출예산
A1: 지출예산 총괄표
G2: 1979000 | I2: (단위 : 천 원)
A3: 과 목 | G3: 당년도예산액 (A) | H3: 전년도예산액 (B) | I3: 증 감 (A-B)
A4: 구분 | B4: 정책사업 | C4: 단위사업 | D4: 세부사업 | E4: 목 | F4: 세목
A5: 총계 | G5: =G6+G174 -> 1979000 | H5: 2420000 | I5: =G5-H5 -> -441000
A6: 사업예산 | G6: =SUM(G42,G101,G75,G7,G114,G133,G145,G157,G169) -> 1979000 | H6: 2420000 | I6: =G6-H6 -> -441000
B7: 2026여수세계섬박람회 행정관리 | G7: =SUM(G8,G16) -> 927348 | H7: 306750 | I7: =G7-H7 -> 620598
C8: 2026여수세계섬박람회 행정 업무추진 | G8: =SUM(G9,G12) -> 80420 | H8: =SUM(H9,H12) -> 44930 | I8: =G8-H8 -> 35490
D9: 직원역량강화 워크숍 | G9: =G10 -> 32960 | H9: =H10 -> 18180 | I9: =G9-H9 -> 14780
E10: 교육훈련비 | G10: =행정관리부!H10 -> 32960 | H10: =H11 -> 18180 | I10: =G10-H10 -> 14780
F11: 교육훈련경비 | G11: =행정관리부!H11 -> 32960 | H11: =행정관리부!I11 -> 18180 | I11: =G11-H11 -> 14780
D12: 이사회 및 각종 위원회 운영 | G12: =G13 -> 47460 | H12: =SUM(H13) -> 26750 | I12: =G12-H12 -> 20710
E13: 일반운영비 | G13: =행정관리부!H16 -> 47460 | H13: =행정관리부!I16 -> 26750 | I13: =G13-H13 -> 20710
F14: 사무관리비 | G14: =행정관리부!H17 -> 45060 | H14: =행정관리부!I17 -> 25100 | I14: =G14-H14 -> 19960
F15: 회의비 | G15: =행정관리부!H28 -> 2400 | H15: =행정관리부!I28 -> 250 | I15: =G15-H15 -> 2150
C16: 사무국운영 | G16: =G17 -> 846928 | H16: =H17 -> 254000 | I16: =G16-H16 -> 592928
D17: 기본경비 | G17: =SUM(G18,G22,G24,G28,G30,G32,G35,G37,G40) -> 846928 | H17: =SUM(H18,H22,H24,H28,H30,H32,H35,H37,H40) -> 254000 | I17: =G17-H17 -> 592928
E18: 인건비 | G18: =행정관리부!H33 -> 609331 | H18: =행정관리부!I33 -> 94800 | I18: =G18-H18 -> 514531
F19: 보수 | G19: =행정관리부!H34 -> 392400 | H19: =행정관리부!I34 -> 94800 | I19: =G19-H19 -> 297600
F20: 기타직보수 | G20: =행정관리부!H39 -> 186102 | H20: =행정관리부!I39 -> 0 | I20: =G20-H20 -> 186102
F21: 기간제근로자등보수 | G21: =행정관리부!H44 -> 30829 | H21: =행정관리부!I44 -> 0 | I21: =G21-H21 -> 30829
E22: 퇴직급여 | G22: =행정관리부!H48 -> 10500 | H22: =행정관리부!I48 -> 0 | I22: =G22-H22 -> 10500
F23: 퇴직급여충당금 | G23: =행정관리부!H49 -> 10500 | H23: =행정관리부!I49 -> 0 | I23: =G23-H23 -> 10500
E24: 일반운영비 | G24: =행정관리부!H52 -> 115440 | H24: =행정관리부!I52 -> 93320 | I24: =G24-H24 -> 22120
F25: 사무관리비 | G25: =행정관리부!H53 -> 72560 | H25: =행정관리부!I53 -> 40400 | I25: =G25-H25 -> 32160
F26: 공공운영비 | G26: =행정관리부!H68 -> 21760 | H26: =행정관리부!I68 -> 11160 | I26: =G26-H26 -> 10600
F27: 복리후생비 | G27: =행정관리부!H75 -> 21120 | H27: =행정관리부!I75 -> 41760 | I27: =G27-H27 -> -20640
E28: 여비 | G28: =행정관리부!H81 -> 18000 | H28: =행정관리부!I81 -> 15400 | I28: =G28-H28 -> 2600
F29: 국내여비 | G29: =행정관리부!H82 -> 18000 | H29: =행정관리부!I82 -> 15400 | I29: =G29-H29 -> 2600
E30: 업무추진비 | G30: =행정관리부!H85 -> 38400 | H30: =행정관리부!I85 -> 26600 | I30: =G30-H30 -> 11800
F31: 사업업무추진비 | G31: =행정관리부!H86 -> 38400 | H31: =행정관리부!I86 -> 26600 | I31: =G31-H31 -> 11800
E32: 직무수행경비 | G32: =행정관리부!H93 -> 25920 | H32: =행정관리부!I93 -> 14760 | I32: =G32-H32 -> 11160
F33: 직급보조비 | G33: =행정관리부!H94 -> 19200 | H33: =행정관리부!I94 -> 9000 | I33: =G33-H33 -> 10200
F34: 특정업무경비 | G34: =행정관리부!H97 -> 6720 | H34: =행정관리부!I97 -> 5760 | I34: =G34-H34 -> 960
E35: 수선유지교체비 | G35: =행정관리부!H99 -> 5000 | H35: =행정관리부!I99 -> 2000 | I35: =G35-H35 -> 3000
F36: 수선유지비 | G36: =행정관리부!H100 -> 5000 | H36: =행정관리부!I100 -> 2000 | I36: =G36-H36 -> 3000
E37: 관서업무비 | G37: =행정관리부!H102 -> 4740 | H37: =행정관리부!I102 -> 7120 | I37: =G37-H37 -> -2380
F38: 정원가산업무비 | G38: =행정관리부!H103 -> 2640 | H38: =행정관리부!I103 -> 2320 | I38: =G38-H38 -> 320
F39: 부서업무비 | G39: =행정관리부!H105 -> 2100 | H39: =행정관리부!I105 -> 4800 | I39: =G39-H39 -> -2700
E40: 연금부담금 등 | G40: =행정관리부!H108 -> 19597 | H40: =행정관리부!I108 -> 0 | I40: =G40-H40 -> 19597
F41: 연금부담금 | G41: =행정관리부!H109 -> 19597 | H41: =행정관리부!I109 -> 0 | I41: =G41-H41 -> 19597
B42: 2026여수세계섬박람회 기획홍보 | G42: =SUM(G43,G49,G53,G64) -> 151892 | H42: 911700 | I42: =G42-H42 -> -759808
C43: 2026여수세계섬박람회 기획 | G43: =기획홍보부!H7 -> 28600 | H43: 372800 | I43: =G43-H43 -> -344200
D44: 자문위원회 운영 | G44: =기획홍보부!H8 -> 28600 | H44: 31500 | I44: =G44-H44 -> -2900
E45: 일반운영비 | G45: =기획홍보부!H10 -> 28600 | H45: 31500 | I45: =G45-H45 -> -2900
F46: 사무관리비 | G46: =기획홍보부!H11 -> 28000 | H46: 30000 | I46: =G46-H46 -> -2000
F47: 행사운영비 | G47: =기획홍보부!H15 -> 300 | H47: 1000 | I47: =G47-H47 -> -700
F48: 회의비 | G48: =기획홍보부!H17 -> 300 | H48: 500 | I48: =G48-H48 -> -200
C49: 2026여수세계섬박람회 홍보 | G49: =기획홍보부!H19 -> 50000 | H49: 526850 | I49: =G49-H49 -> -476850
D50: 홈페이지 유지관리 | G50: =기획홍보부!H20 -> 50000 | H50: 25000 | I50: =G50-H50 -> 25000
E51: 수선유지교체비 | G51: =기획홍보부!H22 -> 50000 | H51: 25000 | I51: =G51-H51 -> 25000
F52: 수선유지비 | G52: =기획홍보부!H23 -> 50000 | H52: 25000 | I52: =G52-H52 -> 25000
C53: 기획홍보부 부서운영 | G53: =기획홍보부!H25 -> 28292 | H53: 19800 | I53: =G53-H53 -> 8492
D54: 기본경비 | G54: =기획홍보부!H26 -> 28292 | H54: 19800 | I54: =G54-H54 -> 8492
E55: 일반운영비 | G55: =기획홍보부!H28 -> 9792 | H55: 3600 | I55: =G55-H55 -> 6192
F56: 사무관리비 | G56: =기획홍보부!H29 -> 2880 | H56: 3600 | I56: =G56-H56 -> -720
F57: 복리후생비 | G57: =기획홍보부!H31 -> 6912 | H57: 0 | I57: =G57-H57 -> 6912
E58: 여비 | G58: =기획홍보부!H33 -> 14400 | H58: 13200 | I58: =G58-H58 -> 1200
F59: 국내여비 | G59: =기획홍보부!H34 -> 14400 | H59: 13200 | I59: =G59-H59 -> 1200
E60: 업무추진비 | G60: =기획홍보부!H37 -> 2000 | H60: 3000 | I60: =G60-H60 -> -1000
F61: 사업업무추진비 | G61: =기획홍보부!H38 -> 2000 | H61: 3000 | I61: =G61-H61 -> -1000
E62: 관서업무비 | G62: =기획홍보부!H40 -> 2100 | H62: 0 | I62: =G62-H62 -> 2100
F63: 부서운영비 | G63: =기획홍보부!H41 -> 2100 | H63: 0 | I63: =G63-H63 -> 2100
C64: 예산공통 행정운영 | G64: =기획홍보부!H43 -> 45000 | H64: 45000 | I64: =G64-H64 -> 0
D65: 기관공통 운영경비 | G65: =기획홍보부!H44 -> 45000 | H65: 45000 | I65: =G65-H65 -> 0
E66: 일반운영비 | G66: =기획홍보부!H46 -> 15000 | H66: 15000 | I66: =G66-H66 -> 0
F67: 사무관리비 | G67: =기획홍보부!H47 -> 5000 | H67: 5000 | I67: =G67-H67 -> 0
F68: 공공운영비 | G68: =기획홍보부!H49 -> 5000 | H68: 5000 | I68: =G68-H68 -> 0
F69: 복리후생비 | G69: =기획홍보부!H51 -> 5000 | H69: 5000 | I69: =G69-H69 -> 0
E70: 여비 | G70: =기획홍보부!H53 -> 25000 | H70: 25000 | I70: =G70-H70 -> 0
F71: 국내여비 | G71: =기획홍보부!H54 -> 5000 | H71: 5000 | I71: =G71-H71 -> 0
F72: 국외업무여비 | G72: =기획홍보부!H56 -> 20000 | H72: 20000 | I72: =G72-H72 -> 0
E73: 업무추진비 | G73: =기획홍보부!H58 -> 5000 | H73: 5000 | I73: =G73-H73 -> 0
F74: 사업업무추진비 | G74: =기획홍보부!H59 -> 5000 | H74: 5000 | I74: =G74-H74 -> 0
B75: 2026여수세계섬박람회 수익사업 | G75: =수익사업부!H6 -> 86166 | H75: =수익사업부!I6 -> 47200 | I75: =G75-H75 -> 38966
C76: 2026여수세계섬박람회 박람회장 수익사업 | G76: =수익사업부!H7 -> 53850 | H76: =수익사업부!I7 -> 0 | I76: =G76-H76 -> 53850
D77: 박람회 휘장업무 추진 | G77: =수익사업부!H8 -> 14450 | H77: =수익사업부!I8 -> 0 | I77: =G77-H77 -> 14450
E78: 일반운영비 | G78: =수익사업부!H10 -> 14450 | H78: =수익사업부!I10 -> 0 | I78: =G78-H78 -> 14450
F79: 사무관리비 | G79: =수익사업부!H11 -> 10450 | H79: =수익사업부!I11 -> 0 | I79: =G79-H79 -> 10450
F80: 행사운영비 | G80: =수익사업부!H16 -> 4000 | H80: =수익사업부!I16 -> 0 | I80: =G80-H80 -> 4000
D81: 박람회 기부금품 관리 | G81: =수익사업부!H18 -> 7000 | H81: =수익사업부!I18 -> 0 | I81: =G81-H81 -> 7000
E82: 일반운영비 | G82: =수익사업부!H20 -> 7000 | H82: =수익사업부!I20 -> 0 | I82: =G82-H82 -> 7000
F83: 사무관리비 | G83: =수익사업부!H21 -> 7000 | H83: =수익사업부!I21 -> 0 | I83: =G83-H83 -> 7000
D84: 박람회 입장권 사업 | G84: =수익사업부!H24 -> 32400 | H84: =수익사업부!I24 -> 0 | I84: =G84-H84 -> 32400
E85: 일반운영비 | G85: =수익사업부!H26 -> 22400 | H85: =수익사업부!I26 -> 0 | I85: =G85-H85 -> 22400
F86: 사무관리비 | G86: =수익사업부!H27 -> 22400 | H86: =수익사업부!I27 -> 0 | I86: =G86-H86 -> 22400
E87: 일반보상금 | G87: =수익사업부!H31 -> 10000 | H87: =수익사업부!I31 -> 0 | I87: =G87-H87 -> 10000
F88: 기타보상금 | G88: =수익사업부!H32 -> 10000 | H88: =수익사업부!I32 -> 0 | I88: =G88-H88 -> 10000
C89: 수익사업부 부서운영 | G89: =SUM(G90) -> 32316 | H89: =SUM(H90) -> 47200 | I89: =G89-H89 -> -14884
D90: 기본경비 | G90: =SUM(G91,G95,G97,G99) -> 32316 | H90: =SUM(H91,H95,H97,H99) -> 47200 | I90: =G90-H90 -> -14884
E91: 일반운영비 | G91: =수익사업부!H37 -> 12016 | H91: =수익사업부!I37 -> 21100 | I91: =G91-H91 -> -9084
F92: 사무관리비 | G92: =수익사업부!H38 -> 3240 | H92: =수익사업부!I38 -> 20350 | I92: =G92-H92 -> -17110
F93: 공공운영비 | G93: =수익사업부!H40 -> 1000 | H93: =수익사업부!I40 -> 750 | I93: =G93-H93 -> 250
F94: 복리후생비 | G94: =수익사업부!H42 -> 7776 | H94: =수익사업부!I42 -> 750 | I94: =G94-H94 -> 7026
E95: 여비 | G95: =수익사업부!H44 -> 16200 | H95: =수익사업부!I44 -> 23100 | I95: =G95-H95 -> -6900
F96: 국내여비 | G96: =수익사업부!H45 -> 16200 | H96: =수익사업부!I45 -> 23100 | I96: =G96-H96 -> -6900
E97: 업무추진비 | G97: =수익사업부!H48 -> 2000 | H97: =수익사업부!I48 -> 3000 | I97: =G97-H97 -> -1000
F98: 사업업무추진비 | G98: =수익사업부!H49 -> 2000 | H98: =수익사업부!I49 -> 3000 | I98: =G98-H98 -> -1000
E99: 관서업무비 | G99: =수익사업부!H51 -> 2100 | H99: =수익사업부!I51 -> 0 | I99: =G99-H99 -> 2100
F100: 부서운영비 | G100: =수익사업부!H52 -> 2100 | H100: =수익사업부!I52 -> 0 | I100: =G100-H100 -> 2100
...

Sheet 행정관리부
A1: 지출예산(세부사업) - 행정관리부 | M1: 단위 : 천원
A2: 구 분 | B2: 사업 | E2: 편성목 | H2: 당년도예산액 (A) | I2: 전년도예산액 (B) | J2: 증 감 (A-B) | K2: 산 출 기 초
B3: 정책 | C3: 단위 | D3: 세부 | E3: 그룹 | F3: 목 | G3: 세목
A4: 총계(사업예산 + 자본예산) | H4: =H5 -> 927348 | I4: =I5 -> 306750 | J4: =H4-I4 -> 620598
A5: 사업예산 | H5: =H6 -> 927348 | I5: =I6 -> 306750 | J5: =H5-I5 -> 620598
B6: 2026여수세계섬박람회 행정관리 | H6: =SUM(H7,H30) -> 927348 | I6: =SUM(I7,I30) -> 306750 | J6: =H6-I6 -> 620598
C7: 2026여수세계섬박람회 행정 업무추진 | H7: =SUM(H8,H14) -> 80420 | I7: =SUM(I8,I14) -> 52750 | J7: =H7-I7 -> 27670
D8: 직원역랑강화 워크숍 | H8: =H9 -> 32960 | I8: 18180 | J8: =H8-I8 -> 14780
E9: 200 물건비 | H9: =H10 -> 32960 | I9: 18180 | J9: =H9-I9 -> 14780
F10: 213 교육훈련비 | H10: =H11 -> 32960 | I10: 18180 | J10: =H10-I10 -> 14780
G11: 교육훈련경비 | H11: =M11 -> 32960 | I11: 18180 | J11: =H11-I11 -> 14780 | K11: [교육훈련경비] | M11: =SUM(M12:M13) -> 32960
K12: ○ 직원역량강화 교육 강사수당 : 370,000원*2명*4회 | L12: = | M12: 2960
K13: ○ 현장체험 등 워크숍 운영 경비 : 15,000,000원*2회 | L13: = | M13: 30000
D14: 이사회 및 각종 위원회 운영 | H14: =H15 -> 47460 | I14: 34570 | J14: =H14-I14 -> 12890
E15: 200 물건비 | H15: =H16 -> 47460 | I15: 34570 | J15: =H15-I15 -> 12890
F16: 201 일반운영비 | H16: =SUM(H17,H28) -> 47460 | I16: 26750 | J16: =H16-I16 -> 20710
G17: 01 사무관리비 | H17: =SUM(M17,M20,M26) -> 45060 | I17: 25100 | J17: =H17-I17 -> 19960 | K17: [일반수용비] | M17: =SUM(M18:M19) -> 2560
K18: ○ 이사회 책자 제작 및 소모품 구입 : 20,000원*13명*6회 | L18: = | M18: 1560
K19: ○ 이사회 변경등기 및 법무사 수수료 : 1,000,000원*1식 | L19: = | M19: 1000
K20: [운영수당] | M20: =SUM(M21:M25) -> 30500
K21: ○ 이사회 참석수당 : 150,000원*13명*6회 | L21: = | M21: 11700
K22: ○ 이사회 참석자 실비보상 : 110,000원*13명*6회 | L22: = | M22: 8580
K23: ○ 인사위원회 참석수당 : 100,000원*3명*5회 | L23: = | M23: 1500
K24: ○ 명예위원장, 부위원장, 특별위원회 위원 등 행사 참석 실비 : 110,000원*13명*4회 | L24: = | M24: 5720
K25: ○ 계약심의위원회 수당 등 지급 : 100,000원*6명*5회 | L25: = | M25: 3000
K26: [임차료] | M26: =M27 -> 12000
K27: ○ 이사회 개최를 위한 회의실 임차료 : 300,000원*4회 | L27: = | M27: 12000
G28: 14 회의비 | H28: =M28 -> 2400 | I28: 250 | J28: =H28-I28 -> 2150 | K28: [회의비] | M28: =M29 -> 2400
K29: ○ 이사회 등 회의 운영비 : 400,000원*6회 | L29: = | M29: 2400
C30: 사무국운영 | H30: =H31 -> 846928 | I30: 254000 | J30: =H30-I30 -> 592928
D31: 기본경비 | H31: =SUM(H32,H51,H107) -> 846928 | I31: 254000 | J31: =H31-I31 -> 592928
E32: 100 인건비 | H32: =SUM(H33,H48) -> 619831 | I32: 94800 | J32: =H32-I32 -> 525031
F33: 101 인건비 | H33: =SUM(H34,H39,H44) -> 609331 | I33: 94800 | J33: =H33-I33 -> 514531
G34: 01 보수 | H34: =SUM(M34,M37) -> 392400 | I34: 94800 | J34: =H34-I34 -> 297600 | K34: [직원파견수당] | M34: =SUM(M35:M36) -> 302400
K35: ○ 4급이상 : 600,000원*2명*12월 | L35: = | M35: 14400
K36: ○ 5급이하 : 400,000원*60명*12월 | L36: = | M36: 288000
K37: [주거지원비] | M37: =M38 -> 90000
K38: ○ 타시군(도) 주거지원비 : 500,000원*15명*12월 | L38: = | M38: 90000
G39: 02 기타직 보수 | H39: =SUM(M39,M42) -> 186102 | I39: 0 | J39: =H39-I39 -> 186102 | K39: [사무총장] | M39: =SUM(M40:M41) -> 102102
K40: ○ 연봉 : 8,468,460원*12월 | L40: = | M40: 101622
K41: ○ 가족수당 : 40,000원*12월 | L41: = | M41: 480
K42: [총감독 급여] | M42: =M43 -> 84000
K43: ○ 월급여 : 7,000,000원*12월 | L43: = | M43: 84000
G44: 04 기간제근로자등보수 | H44: =M44 -> 30829 | I44: 0 | J44: =H44-I44 -> 30829 | K44: [본부장실 관리요원] | M44: =SUM(M45:M47) -> 30829
K45: ○ 인부임 : 95,440원*1명*22일*12월 | L45: = | M45: 25197
K46: ○ 주휴수당 : 95,440원*1명*4일*12월 | L46: = | M46: 4582
K47: ○ 연차수당 : 95,440원*1명*11월 | L47: = | M47: 1050
F48: 107 퇴직급여 | H48: =SUM(H49,H54) -> 10500 | I48: 0 | J48: =H48-I48 -> 10500
G49: 퇴직급여충당금 | H49: =M49 -> 10500 | I49: 0 | J49: =H49-I49 -> 10500 | K49: [퇴직급여충당금] | M49: =SUM(M50:M51) -> 10500
K50: ○ 총감독 : 10,500,000원*1회 | L50: = | M50: 10500
E51: 200 물건비 | H51: =SUM(H52,H81,H85,H93,H99,H102) -> 207500 | I51: 159200 | J51: =H51-I51 -> 48300
F52: 201 일반운영비 | H52: =SUM(H53,H68,H75) -> 115440 | I52: 93320 | J52: =H52-I52 -> 22120
G53: 01 사무관리비 | H53: =SUM(M53,M66) -> 72560 | I53: 40400 | J53: =H53-I53 -> 32160 | K53: [일반수용비] | M53: =SUM(M54:M65) -> 60560
K54: ○ 각종 보고서, 규정집 등 인쇄 : 3,000,000원*1식 | L54: = | M54: 3000
K55: ○ 복사용지 등 사무용품 구입 : 5,000,000원*1식 | L55: = | M55: 5000
K56: ○ 복사기 및 프린터토너 구입 : 3,000,000원*1식 | L56: = | M56: 3000
K57: ○ 사무실 환경정비용품 구입 : 5,000,000원*1식 | L57: = | M57: 5000
K58: ○ 방문차량 주차요금 : 3,000,000원*1식 | L58: = | M58: 3000
K59: ○ 정수기 렌탈 요금 : 40,000원*5대*12월 | L59: = | M59: 2400
K60: ○ 공기청정기 렌탈요금 : 350,000원*12월 | L60: = | M60: 4200
K61: ○ 무인경비시스템 이용료 : 330,000원*12월 | L61: = | M61: 3960
K62: ○ 웹하드사용료(사진 영상보관) : 100,000원*12월 | L62: = | M62: 1200
K63: ○ 관용차량 하이패스 이용료 : 100,000원*12월 | L63: = | M63: 1200
K64: ○ 회계감사 및 세무조정 용역 : 28,000,000원*1식 | L64: = | M64: 28000
K65: ○ 조달청 이용 수수료 : 600,000원*1식 | L65: = | M65: 600
K66: [임차료] | M66: =M67 -> 12000
K67: ○ 업무용 차량 임차비 : 1,000,000원*1대*12월 | L67: = | M67: 12000
G68: 02 공공운영비 | H68: =SUM(M68,M72) -> 21760 | I68: 11160 | J68: =H68-I68 -> 10600 | K68: [공공요금 및 제세] | M68: =SUM(M69:M71) -> 16960
K69: ○ 인터넷 사용료 : 330,000원*12월 | L69: = | M69: 3960
K70: ○ 전기요금 등 공공요금 납부 : 1,000,000원*12월 | L70: = | M70: 12000
K71: ○ 회계관계공무원 재정보증보험 : 1,000,000원*1식 | L71: = | M71: 1000
K72: [차량선박비] | M72: =SUM(M73:M74) -> 4800
K73: ○ 차량 주유비 : 300,000원*1대*12월 | L73: = | M73: 3600
K74: ○ 차량 유지관리비 : 100,000원*1대*12월 | L74: = | M74: 1200
G75: 15 복리후생비 | H75: =M75+M79 -> 21120 | I75: 41760 | J75: =H75-I75 -> -20640 | K75: [복리후생비] | M75: =SUM(M76:M78) -> 12480
K76: ○ 사무총장 정액급식비 : 140,000원*12월 | L76: = | M76: 1680
K77: ○ 사무총장 직급보조비 : 300,000원*12월 | L77: = | M77: 3600
K78: ○ 사무총장 직책급업무수행비 : 600,000원*12월 | L78: = | M78: 7200
K79: [급량비] | M79: 8640
K80: ○ 기본업무수행 급량비 : 9,000원*10명*8일*12월 | L80: = | M80: 8640
F81: 202 여비 | H81: =SUM(H82) -> 18000 | I81: 15400 | J81: =H81-I81 -> 2600
G82: 01 국내여비 | H82: =M82 -> 18000 | I82: 15400 | J82: =H82-I82 -> 2600 | K82: [국내여비] | M82: =SUM(M83:M84) -> 18000
K83: ○ 행정관리 기본업무 수행 관내여비 : 20,000원*10명*2일*12월 | L83: = | M83: 4800
K84: ○ 행정관리 업무추진 관외여비 : 110,000원*10명*12월 | L84: = | M84: 13200
F85: 203 업무추진비 | H85: =H86 -> 38400 | I85: 26600 | J85: =H85-I85 -> 11800
G86: 07 사업업무추진비 | H86: =SUM(M86,M89) -> 38400 | I86: 26600 | J86: =H86-I86 -> 11800 | K86: [기관운영업무추진비] | M86: =SUM(M87:M88) -> 16600
K87: ○ 3급기관장(사무총장) : 10,000,000원*1식 | L87: = | M87: 10000
K88: ○ 4급보조기관장(기획본부장) : 6,600,000원*1식 | L88: = | M88: 6600
K89: [시책추진업무추진비] | M89: =SUM(M90:M92) -> 21800
K90: ○ 박람회 조직위원회 업무추진(3급) : 15,000,000원*1식 | L90: = | M90: 15000
K91: ○ 박람회 홍보 및 유치 업무추진(4급) : 4,800,000원*1식 | L91: = | M91: 4800
K92: ○ 행정관리부 업무추진 : 2,000,000원*1식 | L92: = | M92: 2000
F93: 204 직무수행경비 | H93: =SUM(H94,H97) -> 25920 | I93: 14760 | J93: =H93-I93 -> 11160
G94: 01 직급보조비 | H94: =M94 -> 19200 | I94: 9000 | J94: =H94-I94 -> 10200 | K94: [직책급업무수행경비] | M94: =SUM(M95:M96) -> 19200
K95: ○ 본부장(4급) : 350,000원*2명*12월 | L95: = | M95: 8400
K96: ○ 부장, 협력관(5급) : 100,000원*9명*12월 | L96: = | M96: 10800
G97: 02 특정업무경비 | H97: =M97 -> 6720 | I97: 5760 | J97: =H97-I97 -> 960 | K97: [특정업무경비] | M97: =M98 -> 6720
K98: ○ 예산결산계약 실무담당직원 : 80,000원*7명*12월 | L98: = | M98: 6720
F99: 214 수선유지교체비 | H99: =H100 -> 5000 | I99: 2000 | J99: =H99-I99 -> 3000
G100: 05 수선유지비 | H100: =M100 -> 5000 | I100: 2000 | J100: =H100-I100 -> 3000 | K100: [수선유지비] | M100: =M101 -> 5000
...

Sheet 기획홍보부
A1: 지출예산(세부사업) - 기획홍보부 | M1: 단위 : 천원
A2: 구 분 | B2: 사업 | E2: 편성목 | H2: 당년도예산액 (A) | I2: 전년도예산액 (B) | J2: 증 감 (A-B) | K2: 산 출 기 초
B3: 정책 | C3: 단위 | D3: 세부 | E3: 그룹 | F3: 목 | G3: 세목
A4: 총계(사업예산 + 자본예산) | H4: =H5 -> 151892 | I4: =I5 -> 864500 | J4: =H4-I4 -> -712608
A5: 사업예산 | H5: =H6 -> 151892 | I5: 864500 | J5: =H5-I5 -> -712608
B6: 2026여수세계섬박람회 기획홍보 | H6: =SUM(H7,H19,H25,H43) -> 151892 | I6: 864500 | J6: =H6-I6 -> -712608
C7: 2026여수세계섬박람회 기획 | H7: =H8 -> 28600 | I7: 320050 | J7: =H7-I7 -> -291450
D8: 자문위원회 운영 | H8: =H9 -> 28600 | I8: 31500 | J8: =H8-I8 -> -2900
E9: 200 물건비 | H9: =SUM(H10) -> 28600 | I9: 31500 | J9: =H9-I9 -> -2900
F10: 201 일반운영비 | H10: =SUM(H11,H15,H17) -> 28600 | I10: 31500 | J10: =H10-I10 -> -2900
G11: 01 사무관리비 | H11: =M11 -> 28000 | I11: 30000 | J11: =H11-I11 -> -2000 | K11: [운영수당] | M11: =SUM(M12:M14) -> 28000
K12: ○ 자문위원회 자문수당(대면) : 150,000원*3회*32명 | L12: = | M12: 14400
K13: ○ 자문위원회 자문수당(서면) : 100,000원*3회*32명 | L13: = | M13: 9600
K14: ○ 자문위원회 참석자 실비 보상 : 4,000,000원*1식 | L14: = | M14: 4000
G15: 03 행사운영비 | H15: =M15 -> 300 | I15: 1000 | J15: =H15-I15 -> -700 | K15: [행사운영비] | M15: =M16 -> 300
K16: ○ 자문위원회 운영 행사운영비 : 100,000원*3회 | L16: = | M16: 300
G17: 14 회의비 | H17: =M17 -> 300 | I17: 500 | J17: =H17-I17 -> -200 | K17: [회의비] | M17: =M18 -> 300
K18: ○ 자문위원회 회의 운영비 : 50,000원*6회 | L18: = | M18: 300
C19: 2026여수세계섬박람회 홍보 | H19: =H20 -> 50000 | I19: 526850 | J19: =H19-I19 -> -476850
D20: 홈페이지 유지관리 | H20: =H21 -> 50000 | I20: 25000 | J20: =H20-I20 -> 25000
E21: 200 물건비 | H21: =H22 -> 50000 | I21: 25000 | J21: =H21-I21 -> 25000
F22: 214 수선유지교체비 | H22: =H23 -> 50000 | I22: 25000 | J22: =H22-I22 -> 25000
G23: 05 수선유지비 | H23: =M23 -> 50000 | I23: 25000 | J23: =H23-I23 -> 25000 | K23: [수선유지비] | M23: =SUM(M24:M24) -> 50000
K24: ○ 누리집 유지관리 용역 : 50,000,000원*1식 | L24: = | M24: 50000
C25: 기획홍보부 부서운영 | H25: =H26 -> 28292 | I25: 19800 | J25: =H25-I25 -> 8492
D26: 기본경비 | H26: =H27 -> 28292 | I26: 19800 | J26: =H26-I26 -> 8492
E27: 200 물건비 | H27: =SUM(H28,H33,H37,H40) -> 28292 | I27: 19800 | J27: =H27-I27 -> 8492
F28: 201 일반운영비 | H28: =H29+H31 -> 9792 | I28: 3600 | J28: =H28-I28 -> 6192
G29: 01 사무관리비 | H29: =M29 -> 2880 | I29: 3600 | J29: =H29-I29 -> -720 | K29: [일반수용비] | M29: =SUM(M30:M30) -> 2880
K30: ○ 부서 운영을 위한 소모품 구입 : 240,000원*12월 | L30: = | M30: 2880
G31: 15 복리후생비 | H31: =M31 -> 6912 | I31: 0 | J31: =H31-I31 -> 6912 | K31: [급량비] | M31: =SUM(M32:M32) -> 6912
K32: ○ 기본업무수행 급량비 : 9,000원*8명*8일*12월 | L32: = | M32: 6912
F33: 202 여비 | H33: =H34 -> 14400 | I33: 13200 | J33: =H33-I33 -> 1200
G34: 01 국내여비 | H34: =M34 -> 14400 | I34: 13200 | J34: =H34-I34 -> 1200 | K34: [국내여비] | M34: =SUM(M35:M36) -> 14400
K35: ○ 기획홍보부 기본업무 수행 관내여비 : 20,000원*8명*2일*12월 | L35: = | M35: 3840
K36: ○ 기획홍보부 기본업무 수행 관외여비 : 110,000원*8명*12월 | L36: = | M36: 10560
F37: 203 업무추진비 | H37: =H38 -> 2000 | I37: 3000 | J37: =H37-I37 -> -1000
G38: 07 사업업무추진비 | H38: =M38 -> 2000 | I38: 3000 | J38: =H38-I38 -> -1000 | K38: [사업업무추진비] | M38: =M39 -> 2000
K39: ○ 기획홍보부 업무추진 : 2,000,000원*1식 | L39: = | M39: 2000
F40: 217 관서업무비 | H40: =H41 -> 2100 | I40: 0 | J40: =H40-I40 -> 2100
G41: 02 부서업무비 | H41: =M41 -> 2100 | I41: 0 | J41: =H41-I41 -> 2100 | K41: [부서업무비] | M41: =M42 -> 2100
K42: ○ 기획홍보부 부서운영 총액계상 : 175,000원*12월 | L42: = | M42: 2100
C43: 예산공통 행정운영 | H43: =H44 -> 45000 | I43: 45000 | J43: =H43-I43 -> 0
D44: 기관공통 운영경비 | H44: =H45 -> 45000 | I44: 45000 | J44: =H44-I44 -> 0
E45: 200 물건비 | H45: =SUM(H46,H53,H58) -> 45000 | I45: 45000 | J45: =H45-I45 -> 0
F46: 201 일반운영비 | H46: =SUM(H47,H49,H51) -> 15000 | I46: 15000 | J46: =H46-I46 -> 0
G47: 01 사무관리비 | H47: =M47 -> 5000 | I47: 5000 | J47: =H47-I47 -> 0 | K47: [사무관리비] | M47: =M48 -> 5000
K48: ○ 기관공통운영 사무관리비 : 5,000,000원*1식 | L48: = | M48: 5000
G49: 02 공공운영비 | H49: =M49 -> 5000 | I49: 5000 | J49: =H49-I49 -> 0 | K49: [공공운영비] | M49: =M50 -> 5000
K50: ○ 기관공통운영 공공운영비 : 5,000,000원*1식 | L50: = | M50: 5000
G51: 15 복리후생비 | H51: =M51 -> 5000 | I51: 5000 | J51: =H51-I51 -> 0 | K51: [급량비] | M51: =M52 -> 5000
K52: ○ 기관공통운영 급식비 : 5,000,000원*1식 | L52: = | M52: 5000
F53: 202 여비 | H53: =SUM(H54,H56) -> 25000 | I53: 25000 | J53: =H53-I53 -> 0
G54: 01 국내여비 | H54: =M54 -> 5000 | I54: 5000 | J54: =H54-I54 -> 0 | K54: [국내여비] | M54: =M55 -> 5000
K55: ○ 기관공통운영 국내여비 : 5,000,000원*1식 | L55: = | M55: 5000
G56: 03 국외업무여비 | H56: =M56 -> 20000 | I56: 20000 | J56: =H56-I56 -> 0 | K56: [국외업무여비] | M56: =M57 -> 20000
K57: ○ 기관공통운영 국외업무여비 : 20,000,000원*1식 | L57: = | M57: 20000
F58: 203 업무추진비 | H58: =H59 -> 5000 | I58: 5000 | J58: =H58-I58 -> 0
G59: 07 사업업무추진비 | H59: =M59 -> 5000 | I59: 5000 | J59: =H59-I59 -> 0 | K59: [사업업무추진비] | M59: =M60 -> 5000
K60: ○ 기관공통운영 시책추진업무추진비 : 5,000,000원*1식 | L60: = | M60: 5000

Sheet 수익사업부
A1: 지출예산(세부사업) - 수익사업부 | M1: 단위 : 천원
A2: 구 분 | B2: 사업 | E2: 편성목 | H2: 당년도예산액 (A) | I2: 전년도예산액 (B) | J2: 증 감 (A-B) | K2: 산 출 기 초
B3: 정책 | C3: 단위 | D3: 세부 | E3: 그룹 | F3: 목 | G3: 세목
A4: 총계(사업예산 + 자본예산) | H4: =H5 -> 86166 | I4: =I5 -> 47200 | J4: =H4-I4 -> 38966
A5: 사업예산 | H5: =H6 -> 86166 | I5: 47200 | J5: =H5-I5 -> 38966
B6: 2026여수세계섬박람회 수익사업 | H6: =SUM(H7,H34) -> 86166 | I6: 47200 | J6: =H6-I6 -> 38966
C7: 2026여수세계섬박람회 수익사업 | H7: =SUM(H8,H18,H24) -> 53850 | I7: 0 | J7: =H7-I7 -> 53850
D8: 박람회 휘장업무 추진 | H8: =H9 -> 14450 | I8: 0 | J8: =H8-I8 -> 14450
E9: 200 물건비 | H9: =H10 -> 14450 | I9: 0 | J9: =H9-I9 -> 14450
F10: 201 일반운영비 | H10: =H11+H16 -> 14450 | I10: 0 | J10: =H10-I10 -> 14450
G11: 01 사무관리비 | H11: =M11 -> 10450 | I11: 0 | J11: =H11-I11 -> 10450 | K11: [일반수용비] | M11: =SUM(M12:M15) -> 10450
K12: ○ 후원·기부 유치를 위한 홍보물 제작 : 5,000,000원*1식 | L12: = | M12: 5000
K13: ○ 공식상품화권자 선정 심사수당 : 250,000원*7명*1회 | L13: = | M13: 1750
K14: ○ 공식상품화권자 선정 심사위원 교통비 등 기타실비 : 700,000원*1식 | L14: = | M14: 700
K15: ○ 박람회 인정상품 엠블럼 제작 : 3,000,000원*1식 | L15: = | M15: 3000 | N15: ○ 직원 병가 및 휴직 등 공백발생 시 채용(인건비 23년 기준)
G16: 03 행사운영비 | H16: =M16 -> 4000 | I16: 0 | J16: =H16-I16 -> 4000 | K16: [행사운영비] | M16: =SUM(M17:M17) -> 4000
K17: ○ 후원 협약식 개최 : 800,000원*5회 | L17: = | M17: 4000
D18: 박람회 기부금품 관리 | H18: =SUM(H19) -> 7000 | I18: 0 | J18: =H18-I18 -> 7000
E19: 200 물건비 | H19: =H20 -> 7000 | I19: 0 | J19: =H19-I19 -> 7000
F20: 201 일반운영비 | H20: =H21 -> 7000 | I20: 0 | J20: =H20-I20 -> 7000
G21: 01 사무관리비 | H21: =M21 -> 7000 | I21: 0 | J21: =H21-I21 -> 7000 | K21: [일반수용비] | M21: =SUM(M22:M23) -> 7000
K22: ○ 기부금품 전달식 개최 : 300,000원*10회 | L22: = | M22: 3000
K23: ○ 기부자 예우 물품 제작 : 20,000원*200개 | L23: = | M23: 4000
D24: 박람회 입장권 사업 | H24: =SUM(H25,H30) -> 32400 | I24: 0 | J24: =H24-I24 -> 32400
E25: 200 물건비 | H25: =H26 -> 22400 | I25: 0 | J25: =H25-I25 -> 22400
F26: 201 일반운영비 | H26: =H27 -> 22400 | I26: 0 | J26: =H26-I26 -> 22400
G27: 01 사무관리비 | H27: =M27 -> 22400 | I27: 0 | J27: =H27-I27 -> 22400 | K27: [일반수용비] | M27: =SUM(M28:M29) -> 22400
K28: ○ 입장권 판촉 홍보물 제작 : 20,000,000원*1식 | L28: = | M28: 20000
K29: ○ 입장권 사업 추진 사무용품 구입 : 200,000원*12월 | L29: = | M29: 2400
E30: 300 경상이전 | H30: =H31 -> 10000 | I30: 0 | J30: =H30-I30 -> 10000
F31: 301 일반보상금 | H31: =H32 -> 10000 | I31: 0 | J31: =H31-I31 -> 10000
G32: 14 기타보상금 | H32: =M32 -> 10000 | I32: 0 | J32: =H32-I32 -> 10000 | K32: [기타보상금] | M32: =M33 -> 10000
K33: ○ 입장권 구매보상금 지급 : 10,000,000원*1식 | L33: = | M33: 10000
C34: 수익사업부 부서운영 | H34: =H35 -> 32316 | I34: 47200 | J34: =H34-I34 -> -14884
D35: 기본경비 | H35: =H36 -> 32316 | I35: 47200 | J35: =H35-I35 -> -14884
E36: 200 물건비 | H36: =SUM(H37,H44,H48,H51) -> 32316 | I36: 47200 | J36: =H36-I36 -> -14884
F37: 201 일반운영비 | H37: =SUM(H38,H40,H42) -> 12016 | I37: 21100 | J37: =H37-I37 -> -9084
G38: 01 사무관리비 | H38: =M38 -> 3240 | I38: 20350 | J38: =H38-I38 -> -17110 | K38: [일반수용비] | M38: =SUM(M39:M39) -> 3240
K39: ○ 부서 운영을 위한 소모품 구입 : 270,000원*12월 | L39: = | M39: 3240 | N39: ○ 수영강사 공무직 전환으로 본부 일괄 편성
G40: 02 공공운영비 | H40: =M40 -> 1000 | I40: 750 | J40: =H40-I40 -> 250 | K40: [우편료] | M40: =SUM(M41) -> 1000 | N40: '- 새벽출근(05:30)에 따른 야간근무 | P40: 10380 | Q40: 0.5 | R40: 0.5 | S40: 4 | T40: 5 | U40: 52
K41: ○ 수익사업 관련 우편물 발송료 : 2,500원*400회 | L41: = | M41: 1000 | P41: 10380 | Q41: 8 | R41: 4 | S41: 12
G42: 15 복리후생비 | H42: =M42 -> 7776 | I42: 750 | J42: =H42-I42 -> 7026 | K42: [급량비] | M42: =SUM(M43) -> 7776 | N42: '- 새벽출근(05:30)에 따른 야간근무 | P42: 10380 | Q42: 0.5 | R42: 0.5 | S42: 4 | T42: 5 | U42: 52
K43: ○ 기본업무수행 급량비 : 9,000원*9명*8일*12월 | L43: = | M43: 7776 | P43: 10380 | Q43: 8 | R43: 4 | S43: 12
F44: 202 여비 | H44: =H45 -> 16200 | I44: 23100 | J44: =H44-I44 -> -6900
G45: 01 국내여비 | H45: =M45 -> 16200 | I45: 23100 | J45: =H45-I45 -> -6900 | K45: [국내여비] | M45: =SUM(M46:M47) -> 16200
K46: ○ 수익사업 기본업무 수행 관내여비 : 20,000원*9명*2일*12월 | L46: = | M46: 4320 | N46: ○ 한글 250천원, ms오피스 420천원 | P46: 670000 | Q46: 1 | R46: 1
K47: ○ 수익사업부 기본업무 수행 관외여비 : 110,000원*9명*12월 | L47: = | M47: 11880 | N47: ○ 알약 임대비용 | P47: 26000 | Q47: 16
F48: 203 업무추진비 | H48: =H49 -> 2000 | I48: 3000 | J48: =H48-I48 -> -1000
G49: 07 사업업무추진비 | H49: =M49 -> 2000 | I49: 3000 | J49: =H49-I49 -> -1000 | K49: [사업업무추진비] | M49: =SUM(M50) -> 2000
K50: ○ 수익사업부 업무추진 : 2,000,000원*1식 | L50: = | M50: 2000 | N50: ○ 연 1회 법정점검 실시 / 1대 | P50: 130000 | Q50: 1
F51: 217 관서업무비 | H51: =H52 -> 2100 | I51: 0 | J51: =H51-I51 -> 2100
G52: 02 부서업무비 | H52: =M52 -> 2100 | I52: 0 | J52: =H52-I52 -> 2100 | K52: [부서업무비] | M52: =M53 -> 2100
K53: ○ 수익사업부 부서운영 총액계상 : 175,000원*12월 | L53: = | M53: 2100 | N53: 8

Sheet 유치협력부
A1: 지출예산(세부사업) - 유치협력부 | M1: 단위 : 천원
A2: 구 분 | B2: 사업 | E2: 편성목 | H2: 당년도예산액 (A) | I2: 전년도예산액 (B) | J2: 증 감 (A-B) | K2: 산 출 기 초
B3: 정책 | C3: 단위 | D3: 세부 | E3: 그룹 | F3: 목 | G3: 세목
A4: 총계(사업예산 + 자본예산) | H4: =H5 -> 62518 | I4: =I5 -> 221270 | J4: =H4-I4 -> -158752
A5: 사업예산 | H5: =H6 -> 62518 | I5: 221270 | J5: =H5-I5 -> -158752
B6: 2026여수세계섬박람회 유치협력 | H6: =H7 -> 62518 | I6: 221270 | J6: =H6-I6 -> -158752
C7: 유치협력부 부서운영 | H7: =H8 -> 62518 | I7: 17600 | J7: =H7-I7 -> 44918
D8: 기본경비 | H8: =H9 -> 62518 | I8: 17600 | J8: =H8-I8 -> 44918
E9: 200 물건비 | H9: =SUM(H10,H19,H25,H29) -> 62518 | I9: 17600 | J9: =H9-I9 -> 44918
F10: 201 일반운영비 | H10: =SUM(H11,H15,H17) -> 19818 | I10: 3600 | J10: =H10-I10 -> 16218
G11: 01 사무관리비 | H11: =M11 -> 5770 | I11: 3600 | J11: =H11-I11 -> 2170 | K11: [일반수용비] | M11: =SUM(M12:M14) -> 5770
K12: ○ 부서 운영을 위한 소모품 구입 : 210,000원*12월 | L12: = | M12: 2520
K13: ○ 국내외 유치마케팅 대행사 선정 심사수당 : 250,000원*9명*1회 | L13: = | M13: 2250
K14: ○ 국내외 유치마케팅 대행사 선정 심사위원 교통비 등 기타실비 : 1,000,000원*1식 | L14: = | M14: 1000
G15: 02 공공운영비 | H15: =M15 -> 8000 | I15: 15000 | J15: =H15-I15 -> -7000 | K15: [우편료] | M15: =SUM(M16) -> 8000
K16: ○ 국내·외 관람객 홍보물 등 발송 우편료 : 2,500원*3,200개소 | L16: = | M16: 8000
G17: 15 복리후생비 | H17: =M17 -> 6048 | I17: 0 | J17: =H17-I17 -> 6048 | K17: [급량비] | M17: =SUM(M18) -> 6048
K18: ○ 기본업무수행 급량비 : 9,000원*7명*8일*12월 | L18: = | M18: 6048
F19: 202 여비 | H19: =H20+H23 -> 36600 | I19: 37000 | J19: =H19-I19 -> -400
G20: 01 국내여비 | H20: =M20 -> 12600 | I20: 11000 | J20: =H20-I20 -> 1600 | K20: [국내여비] | M20: =SUM(M21:M22) -> 12600
K21: ○ 유치협력 기본업무 수행 관내여비 : 20,000원*7명*2일*12월 | L21: = | M21: 3360 | AC21: 9
K22: ○ 유치협력 기본업무 수행 관외여비 : 110,000원*7명*12월 | L22: = | M22: 9240
G23: 03 국외업무여비 | H23: =M23 -> 24000 | I23: 26000 | J23: =H23-I23 -> -2000 | K23: [국외업무여비] | M23: =SUM(M24:M25) -> 24000
K24: ○ 자매도시 등 국제교류 및 각종 국제행사 참가 : 3,000,000원*2명*4회 | L24: = | M24: 24000 | AC24: 9
F25: 203 업무추진비 | H25: =H26 -> 4000 | I25: 3000 | J25: =H25-I25 -> 1000
G26: 07 사업업무추진비 | H26: =M26 -> 4000 | I26: 3000 | J26: =H26-I26 -> 1000 | K26: [사업업무추진비] | M26: =SUM(M27:M28) -> 4000
K27: ○ 유치협력부 업무추진 : 2,000,000원*1식 | L27: = | M27: 2000
K28: ○ 협력관 업무추진 : 2,000,000원*1식 | L28: = | M28: 2000
F29: 217 관서업무비 | H29: =H30 -> 2100 | I29: 0 | J29: =H29-I29 -> 2100
G30: 02 부서업무비 | H30: =M30 -> 2100 | I30: 0 | J30: =H30-I30 -> 2100 | K30: [부서업무비] | M30: =M31 -> 2100
K31: ○ 유치협력부 부서운영 총액계상 : 175,000원*12월 | L31: = | M31: 2100

Sheet 운영부
A1: 지출예산(세부사업) - 운영부 | M1: 단위 : 천원
A2: 구 분 | B2: 사업 | E2: 편성목 | H2: 당년도예산액 (A) | I2: 전년도예산액 (B) | J2: 증 감 (A-B) | K2: 산 출 기 초
B3: 정책 | C3: 단위 | D3: 세부 | E3: 그룹 | F3: 목 | G3: 세목
A4: 총계(사업예산 + 자본예산) | H4: =H5 -> 358632 | I4: 104400 | J4: =H4-I4 -> 254232
A5: 사업예산 | H5: =H6 -> 358632 | I5: 104400 | J5: =H5-I5 -> 254232
B6: 2026여수세계섬박람회 운영 | H6: =SUM(H7,H18) -> 358632 | I6: 104400 | J6: =H6-I6 -> 254232
C7: 박람회장 운영 | H7: =SUM(H8) -> 306500 | I7: 104400 | J7: =H7-I7 -> 202100
D8: 대행사 선정 | H8: =SUM(H9) -> 306500 | I8: 0 | J8: =H8-I8 -> 306500
E9: 200 물건비 | H9: =H10 -> 306500 | I9: 0 | J9: =H9-I9 -> 306500
F10: 201 일반운영비 | H10: =SUM(M11,M14,M16) -> 306500 | I10: 0 | J10: =H10-I10 -> 306500
G11: 01 사무관리비 | H11: =M11 -> 6000 | I11: 0 | J11: =H11-I11 -> 6000 | K11: [운영수당] | M11: =SUM(M12:M13) -> 6000
K12: ○ 대행사 선정 제안서 평가위원 수당 : 250,000원*10명*2회 | L12: = | M12: 5000
K13: ○ 대행사 선정 평가위원 실비 : 500,000원*2회 | L13: = | M13: 1000
G14: 03 행사운영비 | H14: =M14 -> 300000 | I14: 0 | J14: =H14-I14 -> 300000 | K14: [행사운영비] | M14: 300000
K15: ○ 종합실행계획 수립 및 운영대행 용역비(1차분) : 300,000,000원*1식 | L15: = | M15: 300000
G16: 14 회의비 | H16: =M16 -> 500 | I16: 0 | J16: =H16-I16 -> 500 | K16: [회의비] | M16: =M17 -> 500
K17: ○ 대행사 선정 평가위원회 운영비 : 250,000원*2회 | L17: = | M17: 500
C18: 운영부 사무국운영 | H18: =H19 -> 52132 | I18: 10425 | J18: =H18-I18 -> 41707
D19: 기본경비 | H19: =H20 -> 52132 | I19: 10425 | J19: =H19-I19 -> 41707
E20: 200 물건비 | H20: =SUM(H21,H28,H32,H38) -> 52132 | I20: 10425 | J20: =H20-I20 -> 41707
F21: 201 일반운영비 | H21: =SUM(H22,H26) -> 19912 | I21: 5275 | J21: =H21-I21 -> 14637
G22: 01 사무관리비 | H22: =M22 -> 13000 | I22: 5275 | J22: =H22-I22 -> 7725 | K22: [일반수용비] | M22: =SUM(M23:M25) -> 13000
K23: ○ 사무용품 등 소모품 구입 : 5,000,000원*1식 | L23: = | M23: 5000
K24: ○ 복사기 및 프린터토너 구입 : 3,000,000원*1식 | L24: = | M24: 3000
K25: ○ 사무실 환경정비용품 구입 : 5,000,000원*1식 | L25: = | M25: 5000
G26: 15 복리후생비 | H26: =M27 -> 6912 | I26: 0 | J26: =H26-I26 -> 6912 | K26: [급량비] | M26: =M27 -> 6912
K27: ○ 기본업무수행 급량비 : 9,000원*8명*8일*12월 | L27: = | M27: 6912
F28: 202 여비 | H28: =H29 -> 14400 | I28: 4400 | J28: =H28-I28 -> 10000
G29: 01 국내여비 | H29: =M29 -> 14400 | I29: 4400 | J29: =H29-I29 -> 10000 | K29: [국내여비] | M29: =SUM(M30:M31) -> 14400
K30: ○ 운영부 기본업무 수행 관내여비 : 20,000원*8명*2일*12월 | L30: = | M30: 3840
K31: ○ 운영부 기본업무 수행 관외여비 : 110,000원*8명*12월 | L31: = | M31: 10560
F32: 203 업무추진비 | H32: =H33 -> 13400 | I32: 750 | J32: =H32-I32 -> 12650
G33: 07 사업업무추진비 | H33: =SUM(M33,M35) -> 13400 | I33: 750 | J33: =H33-I33 -> 12650 | K33: [기관운영업무추진비] | M33: =SUM(M34:M34) -> 6600
K34: ○ 4급보조기관장(운영본부장) : 6,600,000원*1식 | L34: = | M34: 6600
K35: [시책추진업무추진비] | M35: =SUM(M36:M37) -> 6800
K36: ○ 박람회 운영 및 조성 업무추진(4급) : 4,800,000원*1식 | L36: = | M36: 4800
K37: ○ 운영부 업무추진 : 2,000,000원*1식 | L37: = | M37: 2000
F38: 217 관서업무비 | H38: =SUM(M39,M41) -> 4420 | I38: 0 | J38: =H38-I38 -> 4420
G39: 01 정원가산업무비 | H39: =M39 -> 2320 | I39: 0 | J39: =H39-I39 -> 2320 | K39: [정원가산업무비] | M39: =M40 -> 2320
K40: ○ 운영본부 정원가산총액계상 : 80,000원*29명 | L40: = | M40: 2320
G41: 02 부서업무비 | H41: =M41 -> 2100 | I41: 0 | J41: =H41-I41 -> 2100 | K41: [부서업무비] | M41: =M42 -> 2100
K42: ○ 운영부 부서운영 총액계상 : 175,000원*12월 | L42: = | M42: 2100

Sheet 행사부
A1: 지출예산(세부사업) - 행사부 | M1: 단위 : 천원
A2: 구 분 | B2: 사업 | E2: 편성목 | H2: 당년도예산액 (A) | I2: 전년도예산액 (B) | J2: 증 감 (A-B) | K2: 산 출 기 초
B3: 정책 | C3: 단위 | D3: 세부 | E3: 그룹 | F3: 목 | G3: 세목
A4: 총계(사업예산 + 자본예산) | H4: =H5 -> 25268 | I4: 0 | J4: =H4-I4 -> 25268
A5: 사업예산 | H5: =H6 -> 25268 | I5: 0 | J5: =H5-I5 -> 25268
B6: 2026여수세계섬박람회 행사 | H6: =H7 -> 25268 | I6: 0 | J6: =H6-I6 -> 25268
C7: 행사부 부서운영 | H7: =H8 -> 25268 | I7: 0 | J7: =H7-I7 -> 25268
D8: 기본경비 | H8: =H9 -> 25268 | I8: 0 | J8: =H8-I8 -> 25268
E9: 200 물건비 | H9: =SUM(H10,H15,H19,H22) -> 25268 | I9: 0 | J9: =H9-I9 -> 25268
F10: 201 일반운영비 | H10: =SUM(H11,H13) -> 8568 | I10: 0 | J10: =H10-I10 -> 8568
G11: 01 사무관리비 | H11: =M11 -> 2520 | I11: 0 | J11: =H11-I11 -> 2520 | K11: [일반수용비] | M11: =SUM(M12:M12) -> 2520
K12: ○ 부서운영을 위한 소모품 구입 : 210,000원*12월 | L12: = | M12: 2520
G13: 15 복리후생비 | H13: =M13 -> 6048 | I13: 0 | J13: =H13-I13 -> 6048 | K13: [급량비] | M13: =SUM(M14) -> 6048
K14: ○ 기본업무수행 급량비 : 9,000원*7명*8일*12월 | L14: = | M14: 6048
F15: 202 여비 | H15: =H16 -> 12600 | I15: 0 | J15: =H15-I15 -> 12600
G16: 01 국내여비 | H16: =M16 -> 12600 | I16: 0 | J16: =H16-I16 -> 12600 | K16: [국내여비] | M16: =SUM(M17:M18) -> 12600
K17: ○ 행사부 기본업무 수행 관내여비 : 20,000원*7명*2일*12월 | L17: = | M17: 3360
K18: ○ 행사부 기본업무 수행 관외여비 : 110,000원*7명*12월 | L18: = | M18: 9240
F19: 203 업무추진비 | H19: =H20 -> 2000 | I19: 0 | J19: =H19-I19 -> 2000
G20: 07 사업업무추진비 | H20: =M20 -> 2000 | I20: 0 | J20: =H20-I20 -> 2000 | K20: [사업업무추진비] | M20: =SUM(M21) -> 2000
K21: ○ 행사부 업무추진 : 2,000,000원*1식 | L21: = | M21: 2000
F22: 217 관서업무비 | H22: =H23 -> 2100 | I22: 0 | J22: =H22-I22 -> 2100
G23: 02 부서업무비 | H23: =M23 -> 2100 | I23: 0 | J23: =H23-I23 -> 2100 | K23: [부서업무비] | M23: =M24 -> 2100
K24: ○ 행사부 부서운영 총액계상 : 175,000원*12월 | L24: = | M24: 2100

Sheet 시설조성부
A1: 지출예산(세부사업) - 시설조성부 | M1: 단위 : 천원
A2: 구 분 | B2: 사업 | E2: 편성목 | H2: 당년도예산액 (A) | I2: 전년도예산액 (B) | J2: 증 감 (A-B) | K2: 산 출 기 초
B3: 정책 | C3: 단위 | D3: 세부 | E3: 그룹 | F3: 목 | G3: 세목
A4: 총계(사업예산 + 자본예산) | H4: =H5 -> 25268 | I4: 47200 | J4: =H4-I4 -> -21932
A5: 사업예산 | H5: =H6 -> 25268 | I5: 47200 | J5: =H5-I5 -> -21932
B6: 2026여수세계섬박람회 시설조성 | H6: =H7 -> 25268 | I6: 47200 | J6: =H6-I6 -> -21932
C7: 시설조성부 부서운영 | H7: =H8 -> 25268 | I7: 47200 | J7: =H7-I7 -> -21932
D8: 기본경비 | H8: =H9 -> 25268 | I8: 47200 | J8: =H8-I8 -> -21932
E9: 200 물건비 | H9: =SUM(H10,H15,H19,H22) -> 25268 | I9: 47200 | J9: =H9-I9 -> -21932
F10: 201 일반운영비 | H10: =SUM(H11,H13) -> 8568 | I10: 21100 | J10: =H10-I10 -> -12532
G11: 01 사무관리비 | H11: =M11 -> 2520 | I11: 21100 | J11: =H11-I11 -> -18580 | K11: [일반수용비] | M11: =SUM(M12:M12) -> 2520
K12: ○ 부서운영을 위한 소모품 구입 : 210,000원*12월 | L12: = | M12: 2520
G13: 15 복리후생비 | H13: =M13 -> 6048 | I13: 0 | J13: =H13-I13 -> 6048 | K13: [급량비] | M13: =M14 -> 6048
K14: ○ 기본업무수행 급량비 : 9,000원*7명*8일*12월 | L14: = | M14: 6048
F15: 202 여비 | H15: =H16 -> 12600 | I15: 23100 | J15: =H15-I15 -> -10500
G16: 01 국내여비 | H16: =M16 -> 12600 | I16: 23100 | J16: =H16-I16 -> -10500 | K16: [국내여비] | M16: =SUM(M17:M18) -> 12600
K17: ○ 시설조성부 기본업무 수행 관내여비 : 20,000원*7명*2일*12월 | L17: = | M17: 3360
K18: ○ 시설조성부 기본업무 수행 관외여비 : 110,000원*7명*12월 | L18: = | M18: 9240
F19: 203 업무추진비 | H19: =H20 -> 2000 | I19: 3000 | J19: =H19-I19 -> -1000
G20: 07 사업업무추진비 | H20: =M20 -> 2000 | I20: 3000 | J20: =H20-I20 -> -1000 | K20: [사업업무추진비] | M20: =SUM(M21) -> 2000
K21: ○ 시설조성부 업무추진 : 2,000,000원*1식 | L21: = | M21: 2000
F22: 217 관서업무비 | H22: =H23 -> 2100 | I22: 0 | J22: =H22-I22 -> 2100
G23: 02 부서업무비 | H23: =M23 -> 2100 | I23: 0 | J23: =H23-I23 -> 2100 | K23: [부서업무비] | M23: =M24 -> 2100
K24: ○ 시설조성부 부서운영 총액계상 : 175,000원*12월 | L24: = | M24: 2100

Sheet 전시연출부
A1: 지출예산(세부사업) - 전시연출부 | M1: 단위 : 천원
A2: 구 분 | B2: 사업 | E2: 편성목 | H2: 당년도예산액 (A) | I2: 전년도예산액 (B) | J2: 증 감 (A-B) | K2: 산 출 기 초
B3: 정책 | C3: 단위 | D3: 세부 | E3: 그룹 | F3: 목 | G3: 세목
A4: 총계(사업예산 + 자본예산) | H4: =H5 -> 25268 | I4: 104400 | J4: =H4-I4 -> -79132
A5: 사업예산 | H5: =H6 -> 25268 | I5: 104000 | J5: =H5-I5 -> -78732
B6: 2026여수세계섬박람회 전시연출 | H6: =H7 -> 25268 | I6: 104000 | J6: =H6-I6 -> -78732
C7: 전시연출부 부서운영 | H7: =H8 -> 25268 | I7: 10425 | J7: =H7-I7 -> 14843
D8: 기본경비 | H8: =H9 -> 25268 | I8: 10425 | J8: =H8-I8 -> 14843
E9: 200 물건비 | H9: =SUM(H10,H15,H19,H22) -> 25268 | I9: 10425 | J9: =H9-I9 -> 14843
F10: 201 일반운영비 | H10: =SUM(H11,H13) -> 8568 | I10: 5275 | J10: =H10-I10 -> 3293
G11: 01 사무관리비 | H11: =M11 -> 2520 | I11: 5275 | J11: =H11-I11 -> -2755 | K11: [일반수용비] | M11: =SUM(M12:M12) -> 2520
K12: ○ 부서운영을 위한 소모품 구입 : 210,000원*12월 | L12: = | M12: 2520
G13: 15 복리후생비 | H13: =M13 -> 6048 | I13: 0 | J13: =H13-I13 -> 6048 | K13: [급량비] | M13: =SUM(M14) -> 6048
K14: ○ 기본업무수행 급량비 : 9,000원*7명*8일*12월 | L14: = | M14: 6048
F15: 202 여비 | H15: =H16 -> 12600 | I15: 4400 | J15: =H15-I15 -> 8200
G16: 01 국내여비 | H16: =M16 -> 12600 | I16: 4400 | J16: =H16-I16 -> 8200 | K16: [국내여비] | M16: =SUM(M17:M18) -> 12600
K17: ○ 전시연출부 기본업무 수행 관내여비 : 20,000원*7명*2일*12월 | L17: = | M17: 3360
K18: ○ 전시연출부 기본업무 수행 관외여비 : 110,000원*7명*12월 | L18: = | M18: 9240
F19: 203 업무추진비 | H19: =H20 -> 2000 | I19: 750 | J19: =H19-I19 -> 1250
G20: 07 사업업무추진비 | H20: =M20 -> 2000 | I20: 750 | J20: =H20-I20 -> 1250 | K20: [사업업무추진비] | M20: =SUM(M21) -> 2000
K21: ○ 전시연출부 업무추진 : 2,000,000원*1식 | L21: = | M21: 2000
F22: 217 관서업무비 | H22: =H23 -> 2100 | I22: 0 | J22: =H22-I22 -> 2100
G23: 02 부서업무비 | H23: =M23 -> 2100 | I23: 0 | J23: =H23-I23 -> 2100 | K23: [부서업무비] | M23: =M24 -> 2100
K24: ○ 전시연출부 부서운영 총액계상 : 175,000원*12월 | L24: = | M24: 2100

Sheet 예비비
A1: 지출예산(세부사업) - 예비비 | M1: 단위 : 천원
A2: 구 분 | B2: 사업 | E2: 편성목 | H2: 예산액 | I2: 기정액 | J2: 비교증감 | K2: 산 출 기 초
B3: 정책 | C3: 단위 | D3: 세부 | E3: 그룹 | F3: 목 | G3: 세목
A4: 총계(사업예산 + 자본예산) | H4: =H5+H13 -> 316640 | I4: 724280 | J4: =H4-I4 -> -407640
A5: 사업예산 | H5: =H6 -> 316640 | I5: 724280 | J5: =H5-I5 -> -407640
B6: 예비비 | H6: =H7 -> 316640 | I6: 724280 | J6: =H6-I6 -> -407640
C7: 예비비 | H7: =H8 -> 316640 | I7: 724280 | J7: =H7-I7 -> -407640
D8: 예비비 | H8: =H9 -> 316640 | I8: 724280 | J8: =H8-I8 -> -407640
E9: 800 예비비 | H9: =H10 -> 316640 | I9: 724280 | J9: =H9-I9 -> -407640
F10: 801 예비비 | H10: =H11 -> 316640 | I10: 724280 | J10: =H10-I10 -> -407640
G11: 01 일반예비비 | H11: =M11 -> 316640 | I11: 724280 | J11: =H11-I11 -> -407640 | K11: [일반예비비] | M11: =M12 -> 316640
K12: ○ 예비비 : 316,640,000원*1식 | M12: 316640
A13: 자본예산 | H13: =SUM(H14,H27) -> 0 | I13: 0 | J13: =H13-I13 -> 0
B14: 예비비(자본) | H14: =SUM(H15,H55) -> 0 | I14: 0 | J14: =H14-I14 -> 0
C15: 예비비(자본) | H15: =H16 -> 0 | I15: 0 | J15: =H15-I15 -> 0
D16: 예비비(자본) | H16: =H17 -> 0 | I16: 0 | J16: =H16-I16 -> 0
E17: 800 예비비 | H17: =H18 -> 0 | I17: 0 | J17: =H17-I17 -> 0
F18: 801 예비비 | H18: =H19 -> 0 | I18: 0 | J18: =H18-I18 -> 0
G19: 01 일반예비비 | H19: =M19 -> 0 | I19: 0 | J19: =H19-I19 -> 0 | K19: [일반예비비] | M19: =M20 -> 0
K20: ○ 예비비(자본) : 0원 | L20: = | M20: 0

Sheet 지출예산(위탁)
A1: 지출예산(위탁) - 본예산
I2: (단위 : 천 원)
A3: 과 목 | G3: 예산액 | H3: 기정액 | I3: 비교증감
A4: 구분 | B4: 정책사업 | C4: 단위사업 | D4: 세부사업 | E4: 목 | F4: 세목
A5: 총계(사업예산+자본예산) | G5: =G6+G43 -> 22550000 | H5: 0 | I5: =G5-H5 -> 22550000
A6: 사업예산 | G6: =SUM(G7,G16,G30,G38) -> 5450000 | H6: 0 | I6: =G6-H6 -> 5450000
B7: 2026여수세계섬박람회 기획홍보(위탁) | G7: ='기획본부(위탁)'!H6 -> 2000000 | H7: 0 | I7: =G7-H7 -> 2000000
C8: 2026여수세계섬박람회 홍보 | G8: ='기획본부(위탁)'!H7 -> 2000000 | H8: 0 | I8: =G8-H8 -> 2000000
D9: 박람회 홍보 | G9: ='기획본부(위탁)'!H8 -> 2000000 | H9: 0 | I9: =G9-H9 -> 2000000
E10: 일반운영비 | G10: ='기획본부(위탁)'!H10 -> 1974000 | H10: 0 | I10: =G10-H10 -> 1974000
F11: 사무관리비 | G11: ='기획본부(위탁)'!H11 -> 1419000 | H11: 0 | I11: =G11-H11 -> 1419000
F12: 행사운영비 | G12: ='기획본부(위탁)'!H19 -> 55000 | H12: 0 | I12: =G12-H12 -> 55000
F13: 광고선전비 | G13: ='기획본부(위탁)'!H23 -> 500000 | H13: 0 | I13: =G13-H13 -> 500000
E14: 일반보상금 | G14: ='기획본부(위탁)'!H26 -> 26000 | H14: 0 | I14: =G14-H14 -> 26000
F15: 기타보상금 | G15: ='기획본부(위탁)'!H27 -> 26000 | H15: 0 | I15: =G15-H15 -> 26000
B16: 2026여수세계섬박람회 유치협력(위탁) | G16: =G17 -> 950000 | H16: 0 | I16: =G16-H16 -> 950000
C17: 2026여수세계섬박람회 유치 | G17: ='기획본부(위탁)'!H31 -> 950000 | H17: 0 | I17: =G17-H17 -> 950000
D18: 관람객 유치 | G18: ='기획본부(위탁)'!H32 -> 660000 | H18: 0 | I18: =G18-H18 -> 660000
E19: 일반운영비 | G19: ='기획본부(위탁)'!H34 -> 498000 | H19: 0 | I19: =G19-H19 -> 498000
F20: 사무관리비 | G20: ='기획본부(위탁)'!H35 -> 450000 | H20: 0 | I20: =G20-H20 -> 450000
F21: 행사운영비 | G21: ='기획본부(위탁)'!H43 -> 48000 | H21: 0 | I21: =G21-H21 -> 48000
E22: 일반보상금 | G22: ='기획본부(위탁)'!H46 -> 162000 | H22: 0 | I22: =G22-H22 -> 162000
F23: 외빈초청여비 | G23: ='기획본부(위탁)'!H47 -> 132000 | H23: 0 | I23: =G23-H23 -> 132000
F24: 기타보상금 | G24: ='기획본부(위탁)'!H50 -> 30000 | H24: 0 | I24: =G24-H24 -> 30000
D25: 학술회의 유치 | G25: ='기획본부(위탁)'!H52 -> 290000 | H25: 0 | I25: =G25-H25 -> 290000
E26: 일반운영비 | G26: ='기획본부(위탁)'!H54 -> 120000 | H26: 0 | I26: =G26-H26 -> 120000
F27: 행사운영비 | G27: ='기획본부(위탁)'!H55 -> 120000 | H27: 0 | I27: =G27-H27 -> 120000
E28: 일반보상금 | G28: ='기획본부(위탁)'!H58 -> 170000 | H28: 0 | I28: =G28-H28 -> 170000
F29: 외빈초청여비 | G29: ='기획본부(위탁)'!H59 -> 170000 | H29: 0 | I29: =G29-H29 -> 170000
B30: 2026여수세계섬박람회 행사(위탁) | G30: =G31 -> 1000000 | H30: 0 | I30: =G30-H30 -> 1000000
C31: 2026여수세계섬박람회 행사 | G31: ='운영본부(위탁)'!H7 -> 1000000 | H31: 0 | I31: =G31-H31 -> 1000000
D32: 사전행사 개최 | G32: ='운영본부(위탁)'!H8 -> 400000 | H32: 0 | I32: =G32-H32 -> 400000
E33: 일반운영비 | G33: ='운영본부(위탁)'!H10 -> 400000 | H33: 0 | I33: =G33-H33 -> 400000
F34: 행사운영비 | G34: ='운영본부(위탁)'!H11 -> 400000 | H34: 0 | I34: =G34-H34 -> 400000
D35: 문화행사 추진 | G35: ='운영본부(위탁)'!H14 -> 600000 | H35: 0 | I35: =G35-H35 -> 600000
E36: 일반운영비 | G36: ='운영본부(위탁)'!H16 -> 600000 | H36: 0 | I36: =G36-H36 -> 600000
F37: 행사운영비 | G37: ='운영본부(위탁)'!H17 -> 600000 | H37: 0 | I37: =G37-H37 -> 600000
B38: 2026여수세계섬박람회 전시연출(위탁) | G38: =G39 -> 1500000 | H38: 0 | I38: =G38-H38 -> 1500000
C39: 2026여수세계섬박람회 전시연출 | G39: ='운영본부(위탁)'!H20 -> 1500000 | H39: 0 | I39: =G39-H39 -> 1500000
D40: 박람회 연출 | G40: ='운영본부(위탁)'!H21 -> 1500000 | H40: 0 | I40: =G40-H40 -> 1500000
E41: 일반운영비 | G41: ='운영본부(위탁)'!H23 -> 1500000 | H41: 0 | I41: =G41-H41 -> 1500000
F42: 행사운영비 | G42: ='운영본부(위탁)'!H24 -> 1500000 | H42: 0 | I42: =G42-H42 -> 1500000
A43: 자본예산 | G43: =SUM(G44,G62) -> 17100000 | H43: 0 | I43: =G43-H43 -> 17100000
B44: 2026여수세계섬박람회 시설조성(위탁) | G44: =G45 -> 10300000 | H44: 0 | I44: =G44-H44 -> 10300000
C45: 2026여수세계섬박람회 시설조성 | G45: ='운영본부(위탁)'!H28 -> 10300000 | H45: 0 | I45: =G45-H45 -> 10300000
D46: 섬박람회 랜드마크 조성사업 | G46: ='운영본부(위탁)'!H29 -> 5000000 | H46: 0 | I46: =G46-H46 -> 5000000
E47: 시설비및부대비 | G47: ='운영본부(위탁)'!H31 -> 5000000 | H47: 0 | I47: =G47-H47 -> 5000000
F48: 시설비 | G48: ='운영본부(위탁)'!H32 -> 4986500 | H48: 0 | I48: =G48-H48 -> 4986500
F49: 시설부대비 | G49: ='운영본부(위탁)'!H34 -> 13500 | H49: 0 | I49: =G49-H49 -> 13500
D50: 섬박람회장 안전시설물 설치사업 | G50: ='운영본부(위탁)'!H36 -> 3000000 | H50: 0 | I50: =G50-H50 -> 3000000
E51: 시설비및부대비 | G51: ='운영본부(위탁)'!H38 -> 3000000 | H51: 0 | I51: =G51-H51 -> 3000000
F52: 시설비 | G52: ='운영본부(위탁)'!H39 -> 2989200 | H52: 0 | I52: =G52-H52 -> 2989200
F53: 시설부대비 | G53: ='운영본부(위탁)'!H41 -> 10800 | H53: 0 | I53: =G53-H53 -> 10800
D54: 섬박람회장 입구게이트 조성 | G54: ='운영본부(위탁)'!H43 -> 500000 | H54: 0 | I54: =G54-H54 -> 500000
E55: 시설비및부대비 | G55: ='운영본부(위탁)'!H45 -> 500000 | H55: 0 | I55: =G55-H55 -> 500000
F56: 시설비 | G56: ='운영본부(위탁)'!H46 -> 496400 | H56: 0 | I56: =G56-H56 -> 496400
F57: 시설부대비 | G57: ='운영본부(위탁)'!H48 -> 3600 | H57: 0 | I57: =G57-H57 -> 3600
D58: 섬박람회장 열린문화공간 조성 | G58: ='운영본부(위탁)'!H50 -> 1800000 | H58: 0 | I58: =G58-H58 -> 1800000
E59: 시설비및부대비 | G59: ='운영본부(위탁)'!H52 -> 1800000 | H59: 0 | I59: =G59-H59 -> 1800000
F60: 시설비 | G60: ='운영본부(위탁)'!H53 -> 1793520 | H60: 0 | I60: =G60-H60 -> 1793520
F61: 시설부대비 | G61: ='운영본부(위탁)'!H55 -> 6480 | H61: 0 | I61: =G61-H61 -> 6480
B62: 2026여수세계섬박람회 전시연출(위탁) | G62: =G63 -> 6800000 | H62: 0 | I62: =G62-H62 -> 6800000
C63: 2026여수세계섬박람회 연출 | G63: ='운영본부(위탁)'!H58 -> 6800000 | H63: 0 | I63: =G63-H63 -> 6800000
D64: 세계 섬‧한국의 섬 테마존 조성 | G64: ='운영본부(위탁)'!H59 -> 5000000 | H64: 0 | I64: =G64-H64 -> 5000000
E65: 시설비및부대비 | G65: ='운영본부(위탁)'!H61 -> 5000000 | H65: 0 | I65: =G65-H65 -> 5000000
F66: 시설비 | G66: ='운영본부(위탁)'!H62 -> 4986500 | H66: 0 | I66: =G66-H66 -> 4986500
F67: 시설부대비 | G67: ='운영본부(위탁)'!H64 -> 13500 | H67: 0 | I67: =G67-H67 -> 13500
D68: 섬박람회 상징 아트 포토존 조성 | G68: ='운영본부(위탁)'!H66 -> 1800000 | H68: 0 | I68: =G68-H68 -> 1800000
E69: 시설비및부대비 | G69: ='운영본부(위탁)'!H68 -> 1800000 | H69: 0 | I69: =G69-H69 -> 1800000
F70: 시설비 | G70: ='운영본부(위탁)'!H69 -> 1793520 | H70: 0 | I70: =G70-H70 -> 1793520
F71: 시설부대비 | G71: ='운영본부(위탁)'!H71 -> 6480 | H71: 0 | I71: =G71-H71 -> 6480

Sheet 기획본부(위탁)
A1: 지출예산 - 기획본부(위탁) | M1: 단위 : 천 원
A2: 구 분 | B2: 사업 | E2: 편성목 | H2: 예산액 | I2: 기정액 | J2: 비교증감 | K2: 산 출 기 초
B3: 정책 | C3: 단위 | D3: 세부 | E3: 그룹 | F3: 목 | G3: 세목
A4: 총계(사업예산 + 자본예산) | H4: =H5 -> 2950000 | I4: 0 | J4: =H4-I4 -> 2950000
A5: 사업예산 | H5: =H6+H30 -> 2950000 | I5: 0 | J5: =H5-I5 -> 2950000
B6: 2026여수세계섬박람회 기획홍보(위탁) | H6: =H7 -> 2000000 | I6: 0 | J6: =H6-I6 -> 2000000
C7: 2026여수세계섬박람회 홍보 | H7: =H8 -> 2000000 | I7: 0 | J7: =H7-I7 -> 2000000
D8: 박람회 홍보 | H8: =H9+H25 -> 2000000 | I8: 0 | J8: =H8-I8 -> 2000000
E9: 200 물건비 | H9: =H10 -> 1974000 | I9: 0 | J9: =H9-I9 -> 1974000
F10: 201 일반운영비 | H10: =SUM(H11,H19,H23) -> 1974000 | I10: 0 | J10: =H10-I10 -> 1974000
G11: 01 사무관리비 | H11: =M11 -> 1419000 | I11: 0 | J11: =H11-I11 -> 1419000 | K11: [사무관리비] | M11: =SUM(M12:M18) -> 1419000
K12: ○ 홍보물품 등 제작 : 140,000,000원*1식 | L12: = | M12: 140000
K13: ○ 홍보부스 참가 : 5,000,000원*4회 | L13: = | M13: 20000
K14: ○ 제안서, 공모전 평가위원 수당 : 7,000,000원*1식 | L14: = | M14: 7000
K15: ○ 제안서, 공모전 평가위원 교통비 등 기타 실비 : 2,000,000원*1식 | L15: = | M15: 2000
K16: ○ 종합홍보 대행 용역(1차분) : 1,000,000,000원*1식 | L16: = | M16: 1000000
K17: ○ 온라인 홍보 대행 용역 : 150,000,000원*1식 | L17: = | M17: 150000
K18: ○ 홍보영상 제작 용역 : 100,000,000원*1식 | L18: = | M18: 100000
G19: 03 행사운영비 | H19: =M19 -> 55000 | I19: 0 | J19: =H19-I19 -> 55000 | K19: [행사운영비] | M19: =SUM(M20:M22) -> 55000
K20: ○ 사전 홍보 이벤트 : 30,000,000원*1식 | L20: = | M20: 30000
K21: ○ 홍보부스 운영 : 5,000,000원*1식 | L21: = | M21: 5000
K22: ○ 홍보대사, 서포터즈 운영 : 20,000,000원*1식 | L22: = | M22: 20000
G23: 16 광고선전비 | H23: =M23 -> 500000 | I23: 0 | J23: =H23-I23 -> 500000 | K23: [광고료] | M23: =SUM(M24) -> 500000
K24: ○ 섬박람회 광고 홍보료 : 500,000,000원*1식 | L24: = | M24: 500000
E25: 300 경상이전 | H25: =H26 -> 26000 | I25: 0 | J25: =H25-I25 -> 26000
F26: 301 일반보상금 | H26: =H27 -> 26000 | I26: 0 | J26: =H26-I26 -> 26000
G27: 14 기타보상금 | H27: =M27 -> 26000 | I27: 0 | J27: =H27-I27 -> 26000 | K27: [기타보상금] | M27: =SUM(M28:M29) -> 26000
K28: ○ 공모전 시상금 : 7,000,000원*3회 | L28: = | M28: 21000
K29: ○ 각종 이벤트 경품 : 5,000,000원*1식 | L29: = | M29: 5000
B30: 2026여수세계섬박람회 유치협력(위탁) | H30: =H31 -> 950000 | I30: 0 | J30: =H30-I30 -> 950000
C31: 2026여수세계섬박람회 유치 | H31: =H32+H52 -> 950000 | I31: 0 | J31: =H31-I31 -> 950000
D32: 관람객 유치 | H32: =H33+H45 -> 660000 | I32: 0 | J32: =H32-I32 -> 660000
E33: 200 물건비 | H33: =H34 -> 498000 | I33: 0 | J33: =H33-I33 -> 498000
F34: 201 일반운영비 | H34: =SUM(H35,H43) -> 498000 | I34: 0 | J34: =H34-I34 -> 498000
G35: 01 사무관리비 | H35: =M35 -> 450000 | I35: 0 | J35: =H35-I35 -> 450000 | K35: [사무관리비] | M35: =SUM(M36:M42) -> 450000
K36: ○ 유치활동 추진을 위한 소책자, 협약서 등 제작(다국어) : 40,000,000원*1식 | L36: = | M36: 40000
K37: ○ 유치활동 PPT, 영상 제작(다국어) : 16,000,000원*1식 | L37: = | M37: 16000
K38: ○ 유치활동 추진을 위한 통번역 수수료 : 600,000원*40회 | L38: = | M38: 24000
K39: ○ 유치활동 추진을 위한 유치홍보물 제작 : 20,000원*5,000개 | L39: = | M39: 100000
K40: ○ 전국 단위 축제·행사 홍보부스 참가비 : 5,000,000원*6회 | L40: = | M40: 30000
K41: ○ 해외박람회 참가비 : 10,000,000원*4회 | L41: = | M41: 40000
K42: ○ 국내·외 유치마케팅 대행 용역 : 200,000,000원*1식 | L42: = | M42: 200000
G43: 03 행사운영비 | H43: =M43 -> 48000 | I43: 0 | J43: =H43-I43 -> 48000 | K43: [행사운영비] | M43: =SUM(M44:M44) -> 48000
K44: ○ 국내·외 기관·기업·바이어 등 초청 유치 설명회 및 팸투어 : 48,000,000원*1식 | L44: = | M44: 48000
E45: 300 경상이전 | H45: =H46 -> 162000 | I45: 0 | J45: =H45-I45 -> 162000
F46: 301 일반보상금 | H46: =SUM(H47,H50) -> 162000 | I46: 0 | J46: =H46-I46 -> 162000
G47: 13 외빈초청여비 | H47: =M47 -> 132000 | I47: 0 | J47: =H47-I47 -> 132000 | K47: [외빈초청여비] | M47: =SUM(M48:M49) -> 132000
K48: ○ 국내 단체 관람객 유치를 위한 초청 : 2,000,000원*16식 | L48: = | M48: 32000
K49: ○ 국외 단체 관람객 유치를 위한 초청 : 10,000,000원*10식 | L49: = | M49: 100000
G50: 14 기타보상금 | H50: =M50 -> 30000 | I50: 0 | J50: =H50-I50 -> 30000 | K50: [기타보상금] | M50: =SUM(M51:M51) -> 30000
K51: ○ 단체 관광객 유치를 위한 시책개발 및 인센티브 등 : 30,000,000원*1식 | L51: = | M51: 30000
D52: 학술회의 유치 | H52: =H53+H57 -> 290000 | I52: 0 | J52: =H52-I52 -> 290000
E53: 200 물건비 | H53: =H54 -> 120000 | I53: 0 | J53: =H53-I53 -> 120000
F54: 201 일반운영비 | H54: =H55 -> 120000 | I54: 0 | J54: =H54-I54 -> 120000
G55: 03 행사운영비 | H55: =M55 -> 120000 | I55: 0 | J55: =H55-I55 -> 120000 | K55: [행사운영비] | M55: =SUM(M56:M56) -> 120000
K56: ○ 2025 국제 섬 포럼 in Yeosu 개최 : 120,000,000원*1식 | L56: = | M56: 120000
E57: 300 경상이전 | H57: =H58 -> 170000 | I57: 0 | J57: =H57-I57 -> 170000
F58: 301 일반보상금 | H58: =H59 -> 170000 | I58: 0 | J58: =H58-I58 -> 170000
G59: 13 외빈초청여비 | H59: =M59 -> 170000 | I59: 0 | J59: =H59-I59 -> 170000 | K59: [외빈초청여비] | M59: =SUM(M60:M60) -> 170000
K60: ○ 2025 국제 섬 포럼 in Yeosu 참가자 및 외빈 초청 : 170,000,000원*1식 | L60: = | M60: 170000

Sheet 운영본부(위탁)
A1: 지출예산 - 운영본부(위탁) | M1: 단위 : 천 원
A2: 구 분 | B2: 사업 | E2: 편성목 | H2: 예산액 | I2: 기정액 | J2: 비교증감 | K2: 산 출 기 초
B3: 정책 | C3: 단위 | D3: 세부 | E3: 그룹 | F3: 목 | G3: 세목
A4: 총계(사업예산 + 자본예산) | H4: =H5+H26 -> 19600000 | I4: 0 | J4: =H4-I4 -> 19600000
A5: 사업예산 | H5: =H6+H19 -> 2500000 | I5: 0 | J5: =H5-I5 -> 2500000
B6: 2026여수세계섬박람회 행사(위탁) | H6: =H7 -> 1000000 | I6: 0 | J6: =H6-I6 -> 1000000
C7: 2026여수세계섬박람회 행사 | H7: =H8+H14 -> 1000000 | I7: 0 | J7: =H7-I7 -> 1000000
D8: 사전행사 개최 | H8: =H9 -> 400000 | I8: 0 | J8: =H8-I8 -> 400000
E9: 200 물건비 | H9: =H10 -> 400000 | I9: 0 | J9: =H9-I9 -> 400000
F10: 201 일반운영비 | H10: =H11 -> 400000 | I10: 0 | J10: =H10-I10 -> 400000
G11: 03 행사운영비 | H11: =M11 -> 400000 | I11: 0 | J11: =H11-I11 -> 400000 | K11: [행사운영비] | M11: =SUM(M12:M13) -> 400000
K12: ○ D-365 기념행사 : 280,000,000원*1식 | L12: = | M12: 280000
K13: ○ '너와 나의 섬이야기' 성공개최 이벤트 : 120,000,000원*1식 | L13: = | M13: 120000
D14: 문화행사 추진 | H14: =H15 -> 600000 | I14: 0 | J14: =H14-I14 -> 600000
E15: 200 물건비 | H15: =H16 -> 600000 | I15: 0 | J15: =H15-I15 -> 600000
F16: 201 일반운영비 | H16: =H17 -> 600000 | I16: 0 | J16: =H16-I16 -> 600000
G17: 03 행사운영비 | H17: =M17 -> 600000 | I17: 0 | J17: =H17-I17 -> 600000 | K17: [행사운영비] | M17: =M18 -> 600000
K18: ○ 섬박람회 문화행사 기획 및 프로그램 개발 : 600,000,000원*1식 | L18: = | M18: 600000
B19: 2026여수세계섬박람회 전시연출(위탁) | H19: =H20 -> 1500000 | I19: 0 | J19: =H19-I19 -> 1500000
C20: 2026여수세계섬박람회 전시연출 | H20: =H21 -> 1500000 | I20: 0 | J20: =H20-I20 -> 1500000
D21: 박람회 연출 | H21: =H22 -> 1500000 | I21: 0 | J21: =H21-I21 -> 1500000
E22: 200 물건비 | H22: =H23 -> 1500000 | I22: 0 | J22: =H22-I22 -> 1500000
F23: 201 일반운영비 | H23: =H24 -> 1500000 | I23: 0 | J23: =H23-I23 -> 1500000
G24: 03 행사운영비 | H24: =M24 -> 1500000 | I24: 0 | J24: =H24-I24 -> 1500000 | K24: [행사운영비] | M24: =SUM(M25:M25) -> 1500000
K25: ○ 전시연출 콘텐츠 개발 : 1,500,000,000원*1식 | L25: = | M25: 1500000
A26: 자본예산 | H26: =H27+H57 -> 17100000 | I26: 0 | J26: =H26-I26 -> 17100000
B27: 2026여수세계섬박람회 시설조성(위탁) | H27: =H28 -> 10300000 | I27: 0 | J27: =H27-I27 -> 10300000
C28: 2026여수세계섬박람회 시설조성 | H28: =SUM(H29,H36,H43,H50) -> 10300000 | I28: 0 | J28: =H28-I28 -> 10300000
D29: 섬박람회 랜드마크 조성사업 | H29: =H30 -> 5000000 | I29: 0 | J29: =H29-I29 -> 5000000
E30: 400 자본지출 | H30: =H31 -> 5000000 | I30: 0 | J30: =H30-I30 -> 5000000
F31: 401 시설비및부대비 | H31: =SUM(H32,H34) -> 5000000 | I31: 0 | J31: =H31-I31 -> 5000000
G32: 01 시설비 | H32: =M32 -> 4986500 | I32: 0 | J32: =H32-I32 -> 4986500 | K32: [시설비] | M32: =SUM(M33:M33) -> 4986500
K33: ○ 섬박람회 랜드마크 조성 시설비 : 5,000,000,000원*1식*99.73/100 | L33: = | M33: 4986500
G34: 03 시설부대비 | H34: =M34 -> 13500 | I34: 0 | J34: =H34-I34 -> 13500 | K34: [시설부대비] | M34: =SUM(M35) -> 13500
K35: ○ 섬박람회 랜드마크 조성 시설부대비 : 5,000,000,000원*1식*0.27/100 | L35: = | M35: 13500
D36: 섬박람회장 안전시설물 설치사업 | H36: =H37 -> 3000000 | I36: 0 | J36: =H36-I36 -> 3000000
E37: 400 자본지출 | H37: =H38 -> 3000000 | I37: 0 | J37: =H37-I37 -> 3000000
F38: 401 시설비및부대비 | H38: =SUM(H39,H41) -> 3000000 | I38: 0 | J38: =H38-I38 -> 3000000
G39: 01 시설비 | H39: =M39 -> 2989200 | I39: 0 | J39: =H39-I39 -> 2989200 | K39: [시설비] | M39: =M40 -> 2989200
K40: ○ 섬박람회장 안전시설물 설치 시설비 : 3,000,000,000원*1식*99.64/100 | L40: = | M40: 2989200
G41: 03 시설부대비 | H41: =M41 -> 10800 | I41: 0 | J41: =H41-I41 -> 10800 | K41: [시설부대비] | M41: =M42 -> 10800
K42: ○ 섬박람회장 안전시설물 설치 시설부대비 : 3,000,000,000원*1식*0.36/100 | L42: = | M42: 10800
D43: 섬박람회장 입구게이트 조성 | H43: =H44 -> 500000 | I43: 0 | J43: =H43-I43 -> 500000
E44: 400 자본지출 | H44: =H45 -> 500000 | I44: 0 | J44: =H44-I44 -> 500000
F45: 401 시설비및부대비 | H45: =SUM(H46,H48) -> 500000 | I45: 0 | J45: =H45-I45 -> 500000
G46: 01 시설비 | H46: =M46 -> 496400 | I46: 0 | J46: =H46-I46 -> 496400 | K46: [시설비] | M46: =M47 -> 496400
K47: ○ 섬박람회장 입구게이트 조성 시설비 : 500,000,000원*1식*99.28/100 | L47: = | M47: 496400
G48: 03 시설부대비 | H48: =M48 -> 3600 | I48: 0 | J48: =H48-I48 -> 3600 | K48: [시설부대비] | M48: =M49 -> 3600
K49: ○ 섬박람회장 입구게이트 조성 시설부대비 : 500,000,000원*1식*0.72/100 | L49: = | M49: 3600
D50: 섬박람회장 열린문화공간 조성 | H50: =H51 -> 1800000 | I50: 0 | J50: =H50-I50 -> 1800000
E51: 400 자본지출 | H51: =H52 -> 1800000 | I51: 0 | J51: =H51-I51 -> 1800000
F52: 401 시설비및부대비 | H52: =SUM(H53,H55) -> 1800000 | I52: 0 | J52: =H52-I52 -> 1800000
G53: 01 시설비 | H53: =M53 -> 1793520 | I53: 0 | J53: =H53-I53 -> 1793520 | K53: [시설비] | M53: =M54 -> 1793520
K54: ○ 섬박람회장 열린문화공간 조성 시설비 : 1,800,000,000원*1식*99.64/100 | L54: = | M54: 1793520
G55: 03 시설부대비 | H55: =M55 -> 6480 | I55: 0 | J55: =H55-I55 -> 6480 | K55: [시설부대비] | M55: =M56 -> 6480
K56: ○ 섬박람회장 열린문화공간 조성 시설부대비 : 1,800,000,000원*1식*0.36/100 | L56: = | M56: 6480
B57: 2026여수세계섬박람회 전시연출(위탁) | H57: =H58 -> 6800000 | I57: 0 | J57: =H57-I57 -> 6800000
C58: 2026여수세계섬박람회 전시연출 | H58: =SUM(H59,H66) -> 6800000 | I58: 0 | J58: =H58-I58 -> 6800000
D59: 세계 섬‧한국의 섬 테마존 조성 | H59: =H60 -> 5000000 | I59: 0 | J59: =H59-I59 -> 5000000
E60: 400 자본지출 | H60: =H61 -> 5000000 | I60: 0 | J60: =H60-I60 -> 5000000
F61: 401 시설비및부대비 | H61: =SUM(H62,H64) -> 5000000 | I61: 0 | J61: =H61-I61 -> 5000000
G62: 01 시설비 | H62: =M62 -> 4986500 | I62: 0 | J62: =H62-I62 -> 4986500 | K62: [시설비] | M62: =M63 -> 4986500
K63: ○ 세계의 섬·한국의 섬 테마존 조성 시설비 : 5,000,000,000원*1식*99.73/100 | L63: = | M63: 4986500
G64: 03 시설부대비 | H64: =M64 -> 13500 | I64: 0 | J64: =H64-I64 -> 13500 | K64: [시설부대비] | M64: =M65 -> 13500
K65: ○ 세계의 섬·한국의 섬 테마존 조성 시설부대비 : 5,000,000,000원*1식*0.27/100 | L65: = | M65: 13500
D66: 섬박람회 상징 아트 포토존 조성 | H66: =H67 -> 1800000 | I66: 0 | J66: =H66-I66 -> 1800000
E67: 400 자본지출 | H67: =H68 -> 1800000 | I67: 0 | J67: =H67-I67 -> 1800000
F68: 401 시설비및부대비 | H68: =SUM(H69,H71) -> 1800000 | I68: 0 | J68: =H68-I68 -> 1800000
G69: 01 시설비 | H69: =M69 -> 1793520 | I69: 0 | J69: =H69-I69 -> 1793520 | K69: [시설비] | M69: =M70 -> 1793520
K70: ○ 섬박람회장 상징 아트 포토존 조성 시설비 : 1,800,000,000원*1식*99.64/100 | L70: = | M70: 1793520
G71: 03 시설부대비 | H71: =M71 -> 6480 | I71: 0 | J71: =H71-I71 -> 6480 | K71: [시설부대비] | M71: =M72 -> 6480
K72: ○ 섬박람회장 상징 아트 포토존 조성 시설부대비 : 1,800,000,000원*1식*0.36/100 | L72: = | M72: 6480
